pytanie,odpowiedz 1,odpowiedz 2,odpowiedz 3,odpowiedz 4,poprawna,opis
Z jakiego dnia pochodzi ustawa o ochronie przyrody?,16 kwietnia 2004 r.,27 kwietnia 2001 r.,3 października 2008 r.,28 września 1991 r.,1,"Tytuł ustawy wskazuje, że została uchwalona 16 kwietnia 2004 r."
Co określa ustawa o ochronie przyrody zgodnie z art. 1?,Wyłącznie zasady ochrony lasów.,"Cele, zasady i formy ochrony przyrody żywej i nieożywionej oraz krajobrazu.",Wyłącznie zasady ochrony gatunkowej zwierząt.,Zasady gospodarowania odpadami i wodami.,2,"Art. 1 określa zakres ustawy jako cele, zasady i formy ochrony przyrody żywej i nieożywionej oraz krajobrazu."
Na czym polega ochrona przyrody w rozumieniu ustawy?,Wyłącznie na całkowitym zakazie ingerencji człowieka.,Na ochronie wyłącznie gatunków zagrożonych.,"Na zachowaniu, zrównoważonym użytkowaniu oraz odnawianiu zasobów, tworów i składników przyrody.",Na ochronie jedynie terenów objętych formami obszarowymi.,3,"Art. 2 ust. 1 wskazuje zachowanie, zrównoważone użytkowanie i odnawianie jako podstawowe elementy ochrony przyrody."
Jak ustawa definiuje różnorodność biologiczną?,Jako liczbę gatunków chronionych na danym obszarze.,Jako liczbę siedlisk Natura 2000 w województwie.,Jako stopień naturalności krajobrazu.,"Jako zróżnicowanie żywych organizmów w ekosystemach, w obrębie gatunku i między gatunkami oraz zróżnicowanie ekosystemów.",4,Definicja obejmuje zróżnicowanie organizmów na kilku poziomach oraz zróżnicowanie ekosystemów.
Czym jest korytarz ekologiczny?,"Obszarem umożliwiającym migrację roślin, zwierząt lub grzybów.",Obszarem przeznaczonym wyłącznie do ruchu turystycznego.,Pasem zieleni o szerokości co najmniej 100 m.,Wyłącznie trasą migracji zwierząt łownych.,1,"Ustawa definiuje korytarz ekologiczny jako obszar umożliwiający migrację roślin, zwierząt lub grzybów."
Na czym polega ochrona ex situ?,Na ochronie wyłącznie w miejscu naturalnego występowania.,"Na ochronie gatunków poza miejscem ich naturalnego występowania oraz ochronie skał, skamieniałości i minerałów w miejscach przechowywania.",Na całkowitym zakazie ingerencji w ekosystem.,Na ochronie jedynie krajobrazu kulturowego.,2,Ochrona ex situ oznacza ochronę poza naturalnym miejscem występowania.
Na czym polega ochrona in situ?,Na ochronie gatunków wyłącznie w ogrodach zoologicznych.,Na przechowywaniu materiału genetycznego w bankach genów.,Na ochronie gatunków i elementów przyrody nieożywionej w miejscach ich naturalnego występowania.,Na ochronie wyłącznie poza granicami kraju.,3,Ochrona in situ odbywa się w miejscach naturalnego występowania chronionych elementów przyrody.
Co oznacza ochrona ścisła?,Okresowe ograniczenie działalności gospodarczej.,Ochronę prowadzoną wyłącznie przez działania pielęgnacyjne.,Ochronę wyłącznie gatunków w okresie rozrodu.,"Całkowite i trwałe zaniechanie bezpośredniej ingerencji człowieka w stan ekosystemów, tworów i składników przyrody oraz przebieg procesów przyrodniczych.",4,Definicja ochrony ścisłej opiera się na trwałym zaniechaniu bezpośredniej ingerencji człowieka.
Które określenie najlepiej odpowiada ustawowej definicji drzewa?,Wieloletnia roślina o zdrewniałym jednym pędzie głównym albo kilku pędach głównych i gałęziach tworzących koronę.,Każda roślina zdrewniała wyższa niż 2 m.,Wieloletnia roślina rozgałęziająca się na wiele równorzędnych pędów bez pnia i korony.,Każda roślina o obwodzie pnia powyżej 50 cm.,1,Ustawa definiuje drzewo przez zdrewniały pień lub pędy główne oraz gałęzie tworzące koronę.
Które określenie najlepiej odpowiada ustawowej definicji krzewu?,Każda roślina drzewiasta niższa niż 5 m.,"Wieloletnia roślina rozgałęziająca się na wiele równorzędnych zdrewniałych pędów, nietworząca pnia ani korony i niebędąca pnączem.",Roślina z jednym zdrewniałym pniem i koroną.,Każde skupisko co najmniej trzech roślin zdrewniałych.,2,Definicja krzewu wskazuje wiele równorzędnych zdrewniałych pędów oraz brak pnia i korony.
Ile form ochrony przyrody wymienia art. 6 ust. 1?,8,9,10,12,3,Art. 6 ust. 1 wylicza dziesięć form ochrony przyrody.
Która z poniższych NIE jest samodzielną formą ochrony przyrody wymienioną w art. 6?,Park narodowy,Użytek ekologiczny,Pomnik przyrody,Otulina,4,"Otulina jest strefą ochronną związaną z formą ochrony przyrody, ale nie jest odrębną formą z katalogu art. 6."
Jaka jest minimalna powierzchnia parku narodowego według ustawy?,1000 ha,100 ha,500 ha,2000 ha,1,Park narodowy obejmuje obszar o powierzchni nie mniejszej niż 1000 ha.
Jaki status prawny ma park narodowy?,Jest jednostką budżetową gminy.,Jest państwową osobą prawną.,Jest organem administracji rządowej.,Jest państwową jednostką organizacyjną bez osobowości prawnej.,2,"Art. 8a stanowi, że park narodowy jest państwową osobą prawną."
Kto jest organem parku narodowego?,Rada naukowa parku narodowego,Minister właściwy do spraw środowiska,Dyrektor parku narodowego,Regionalny dyrektor ochrony środowiska,3,Art. 8c wskazuje dyrektora parku narodowego jako organ parku.
Kto powołuje dyrektora parku narodowego?,Prezes Rady Ministrów,Wojewoda,Sejmik województwa,Minister właściwy do spraw środowiska,4,Dyrektora parku narodowego powołuje minister właściwy do spraw środowiska spośród osób wyłonionych w otwartym i konkurencyjnym naborze.
W jakiej formie następuje określenie i zmiana granic parku narodowego?,W drodze rozporządzenia Rady Ministrów,W drodze uchwały sejmiku województwa,W drodze zarządzenia regionalnego dyrektora ochrony środowiska,W drodze uchwały rady gminy,1,Art. 10 przewiduje rozporządzenie Rady Ministrów jako formę określenia i zmiany granic parku narodowego.
Co ustawa stanowi o otulinie parku narodowego?,Otulina może być wyznaczona tylko za zgodą właścicieli.,Na obszarach graniczących z parkiem narodowym wyznacza się otulinę.,Otuliny nie wyznacza się dla parków narodowych.,Otulina jest wyznaczana wyłącznie na obszarach miejskich.,2,"Art. 11 ust. 1 stanowi, że na obszarach graniczących z parkiem narodowym wyznacza się otulinę."
Kto ustala wysokość opłat za wstęp do parku narodowego?,Minister właściwy do spraw środowiska,Rada gminy,Dyrektor parku narodowego,Regionalny dyrektor ochrony środowiska,3,Wysokość opłat za wstęp i udostępnianie parku ustala dyrektor parku narodowego.
Od dzieci w jakim wieku nie pobiera się opłat za wstęp do parku narodowego?,Do 6 lat,Do 10 lat,Do 12 lat,Do 7 lat,4,Ustawa zwalnia z opłat za wstęp dzieci w wieku do 7 lat.
Kto uznaje obszar za rezerwat przyrody?,Regionalny dyrektor ochrony środowiska w drodze zarządzenia będącego aktem prawa miejscowego,Rada Ministrów w drodze rozporządzenia,Sejmik województwa w drodze uchwały,Rada gminy w drodze uchwały,1,Rezerwat przyrody ustanawia regionalny dyrektor ochrony środowiska w formie zarządzenia będącego aktem prawa miejscowego.
Kto tworzy park krajobrazowy?,Regionalny dyrektor ochrony środowiska w drodze zarządzenia,Sejmik województwa w drodze uchwały,Rada Ministrów w drodze rozporządzenia,Rada gminy w drodze uchwały,2,Utworzenie parku krajobrazowego następuje w drodze uchwały sejmiku województwa.
Kto wyznacza obszar chronionego krajobrazu?,Minister właściwy do spraw środowiska,Regionalny dyrektor ochrony środowiska,Sejmik województwa w drodze uchwały,Starosta,3,Obszar chronionego krajobrazu wyznacza sejmik województwa w drodze uchwały.
Dla których form sporządza się i realizuje plan ochrony na podstawie art. 18?,Wyłącznie dla parków narodowych,Dla wszystkich dziesięciu form ochrony przyrody,Wyłącznie dla obszarów Natura 2000 i parków narodowych,"Dla parków narodowych, rezerwatów przyrody i parków krajobrazowych",4,"Art. 18 wymienia park narodowy, rezerwat przyrody i park krajobrazowy."
"W jakim terminie co do zasady ustanawia się plan ochrony dla parku narodowego, rezerwatu lub parku krajobrazowego?",W ciągu 5 lat od utworzenia lub uznania danej formy,W ciągu 1 roku,W ciągu 3 lat,W ciągu 10 lat,1,Art. 18 ust. 2 przewiduje termin 5 lat.
"Na jaki okres sporządza się plan ochrony dla parku narodowego, rezerwatu przyrody i parku krajobrazowego?",5 lat,20 lat,10 lat,30 lat,2,"Art. 20 ust. 1 stanowi, że plan ochrony sporządza się na okres 20 lat."
Na jaki maksymalny okres mogą być ustanowione zadania ochronne dla parku narodowego lub rezerwatu?,Na 1 rok,Na 3 lata,Na 5 lat,Na 10 lat,3,"Zadania ochronne mogą być ustanawiane na rok lub kolejne lata, jednak nie dłużej niż na 5 lat."
Z jakich trzech rodzajów obszarów składa się sieć Natura 2000?,"Parków narodowych, rezerwatów i parków krajobrazowych","Obszarów chronionego krajobrazu, użytków ekologicznych i pomników przyrody",Wyłącznie obszarów ochrony ptaków i siedlisk,"Obszarów specjalnej ochrony ptaków, specjalnych obszarów ochrony siedlisk i obszarów mających znaczenie dla Wspólnoty",4,Art. 25 wskazuje trzy elementy sieci Natura 2000.
Kto opracowuje projekt listy obszarów Natura 2000?,Generalny Dyrektor Ochrony Środowiska,Minister właściwy do spraw środowiska,Regionalny dyrektor ochrony środowiska,Sejmik województwa,1,Projekt listy obszarów Natura 2000 opracowuje Generalny Dyrektor Ochrony Środowiska.
Jaki termin mają właściwe miejscowo rady gmin na opinię projektu listy obszarów Natura 2000?,14 dni,30 dni,21 dni,60 dni,2,Niezłożenie opinii w terminie 30 dni od otrzymania projektu uznaje się za brak uwag.
W jakim terminie sporządza się pierwszy projekt planu zadań ochronnych dla obszaru Natura 2000?,W ciągu 2 lat,W ciągu 5 lat,W ciągu 6 lat od zatwierdzenia obszaru przez Komisję Europejską lub wyznaczenia obszaru specjalnej ochrony ptaków,W ciągu 10 lat,3,Art. 28 ust. 1 przewiduje termin 6 lat dla pierwszego projektu planu zadań ochronnych.
Kto co do zasady ustanawia plan zadań ochronnych dla obszaru Natura 2000?,Generalny Dyrektor Ochrony Środowiska,Minister właściwy do spraw środowiska,Rada gminy,Regionalny dyrektor ochrony środowiska,4,Plan zadań ochronnych ustanawia regionalny dyrektor ochrony środowiska w drodze zarządzenia jako aktu prawa miejscowego.
Jakiego rodzaju działania są co do zasady zabronione na obszarze Natura 2000?,Działania mogące znacząco negatywnie oddziaływać na cele ochrony tego obszaru,Wszelka działalność rolnicza,Każdy ruch turystyczny,Każda działalność gospodarcza bez wyjątku,1,Art. 33 zakazuje działań mogących znacząco negatywnie oddziaływać na cele ochrony obszaru Natura 2000.
Kiedy może zostać dopuszczony plan lub działanie znacząco negatywnie oddziałujące na Natura 2000?,Zawsze po uzyskaniu zgody rady gminy,"Gdy przemawiają za tym konieczne wymogi nadrzędnego interesu publicznego, brak rozwiązań alternatywnych i zostanie zapewniona kompensacja przyrodnicza",Wyłącznie gdy inwestycja jest prywatna,Po zapłaceniu opłaty środowiskowej bez innych warunków,2,"Art. 34 wymaga nadrzędnego interesu publicznego, braku alternatyw i zapewnienia kompensacji przyrodniczej."
Kto ponosi koszty kompensacji przyrodniczej związanej z planem lub przedsięwzięciem oddziałującym na Natura 2000?,Skarb Państwa,Gmina,Podmiot realizujący plan lub przedsięwzięcie,Regionalna dyrekcja ochrony środowiska,3,Koszty kompensacji przyrodniczej ponosi podmiot realizujący plan lub przedsięwzięcie.
"Czy działalność gospodarcza, rolna, leśna, łowiecka i rybacka na obszarze Natura 2000 jest zawsze zakazana?","Tak, zawsze.","Nie, ale wyłącznie za zgodą rady gminy.","Tak, z wyjątkiem gospodarki leśnej.","Nie, jeżeli nie oddziałuje znacząco negatywnie na cele ochrony obszaru, z uwzględnieniem dodatkowych zakazów parków narodowych i rezerwatów.",4,"Art. 36 dopuszcza taką działalność, jeśli nie oddziałuje znacząco negatywnie na cele ochrony Natura 2000."
Kto składa Komisji Europejskiej raporty i notyfikacje dotyczące obszarów Natura 2000?,Generalny Dyrektor Ochrony Środowiska,Regionalny dyrektor ochrony środowiska,Minister finansów,Marszałek województwa,1,Art. 38 przypisuje to zadanie Generalnemu Dyrektorowi Ochrony Środowiska.
Co może być pomnikiem przyrody?,Wyłącznie pojedyncze drzewo rodzimego gatunku,Pojedynczy twór przyrody żywej lub nieożywionej albo ich skupisko o szczególnej wartości i indywidualnych cechach,Wyłącznie obszar o powierzchni co najmniej 1 ha,Wyłącznie obiekt przyrody nieożywionej,2,Definicja pomnika przyrody obejmuje twory przyrody żywej i nieożywionej oraz ich skupiska.
Kto ustanawia pomnik przyrody?,Sejmik województwa,Regionalny dyrektor ochrony środowiska,Rada gminy w drodze uchwały,Minister właściwy do spraw środowiska,3,"Art. 44 stanowi, że pomnik przyrody ustanawia rada gminy w drodze uchwały."
Który przykład najlepiej odpowiada stanowisku dokumentacyjnemu?,Miejski park rekreacyjny,Korytarz migracyjny zwierząt,Każdy las ochronny,"Ważne naukowo miejsce występowania formacji geologicznych, skamieniałości lub tworów mineralnych",4,"Stanowiska dokumentacyjne dotyczą m.in. ważnych naukowo formacji geologicznych, skamieniałości i tworów mineralnych."
Czym są użytki ekologiczne?,Zasługującymi na ochronę pozostałościami ekosystemów mającymi znaczenie dla zachowania różnorodności biologicznej,Wyłącznie gruntami rolnymi objętymi dopłatami,Terenami przeznaczonymi wyłącznie do edukacji,Obszarami zawsze większymi niż 100 ha,1,Użytki ekologiczne chronią pozostałości ekosystemów ważne dla zachowania różnorodności biologicznej.
Czym są zespoły przyrodniczo-krajobrazowe?,Wyłącznie zespołami zabytkowych budynków,Fragmentami krajobrazu naturalnego i kulturowego zasługującymi na ochronę ze względu na walory widokowe lub estetyczne,Obszarami przeznaczonymi do ochrony jednego gatunku,Wyłącznie terenami leśnymi,2,Art. 43 definiuje je przez walory widokowe lub estetyczne krajobrazu naturalnego i kulturowego.
Co obejmuje ochrona gatunkowa?,Wyłącznie żywe okazy zwierząt,Wyłącznie siedliska na obszarach Natura 2000,"Okazy gatunków oraz siedliska i ostoje roślin, zwierząt i grzybów",Wyłącznie gatunki o znaczeniu priorytetowym,3,"Art. 46 wskazuje, że ochrona gatunkowa obejmuje zarówno okazy, jak i siedliska oraz ostoje."
Gdzie mogą być chronione ex situ gatunki zagrożone wyginięciem w środowisku przyrodniczym?,Wyłącznie w parkach narodowych,Wyłącznie w rezerwatach przyrody,Wyłącznie w ośrodkach rehabilitacji zwierząt,"W ogrodach zoologicznych, ogrodach botanicznych lub bankach genów",4,"Art. 47 przewiduje ochronę ex situ w ogrodach zoologicznych, botanicznych lub bankach genów."
"Kto określa w rozporządzeniach gatunki roślin, zwierząt i grzybów objęte ochroną gatunkową?",Minister właściwy do spraw środowiska w porozumieniu z ministrem właściwym do spraw rolnictwa,Generalny Dyrektor Ochrony Środowiska samodzielnie,Sejmik województwa,Rada Ministrów,1,Art. 48–50 powierzają to ministrowi właściwemu do spraw środowiska działającemu w porozumieniu z ministrem właściwym do spraw rolnictwa.
Kto może na terenie województwa czasowo objąć ochroną gatunki niewymienione w ogólnokrajowych przepisach ochronnych?,Starosta,Regionalny dyrektor ochrony środowiska,Wójt,Dyrektor parku krajobrazowego,2,Art. 53 pozwala regionalnemu dyrektorowi ochrony środowiska wprowadzić taką ochronę czasowo w drodze zarządzenia.
Czy utworzenie i prowadzenie ogrodu botanicznego lub zoologicznego wymaga zezwolenia?,"Nie, wystarcza zgłoszenie do gminy.","Tak, zezwolenia starosty.","Tak, zezwolenia Generalnego Dyrektora Ochrony Środowiska","Tak, zezwolenia wojewody.",3,Art. 67 wymaga zezwolenia Generalnego Dyrektora Ochrony Środowiska.
Jak traktuje się brak opinii właściwych podmiotów w ciągu 30 dni w postępowaniu o zezwolenie na ogród botaniczny lub zoologiczny?,Jako opinię negatywną,Jako podstawę do umorzenia postępowania,Jako konieczność ponownego wystąpienia o opinię,Jako opinię pozytywną,4,Niewyrażenie opinii w terminie 30 dni uznaje się za opinię pozytywną.
Która kategoria zwierząt niebezpiecznych obejmuje najbardziej niebezpieczne gatunki lub grupy gatunków?,Kategoria I,Kategoria II,Kategoria III,Kategoria IV,1,Art. 73 zalicza najbardziej niebezpieczne gatunki lub grupy gatunków do kategorii I.
Kto wydaje zezwolenie na utworzenie i prowadzenie ośrodka rehabilitacji zwierząt?,Regionalny dyrektor ochrony środowiska,Generalny Dyrektor Ochrony Środowiska,Wójt,Starosta,2,Art. 75 wymaga zezwolenia Generalnego Dyrektora Ochrony Środowiska.
Czy zwierzęta objęte leczeniem i rehabilitacją w ośrodku rehabilitacji mogą być sprzedawane?,"Tak, bez ograniczeń.","Tak, za zgodą wójta.",Nie,"Tak, po zakończeniu leczenia.",3,Art. 76 ust. 1 wprost zakazuje sprzedaży zwierząt objętych leczeniem i rehabilitacją w ośrodku.
"Jak często regionalny dyrektor ochrony środowiska przeprowadza co najmniej kontrole ogrodów botanicznych, zoologicznych, ośrodków i azyli?",Co roku,Nie rzadziej niż raz na 5 lat,Wyłącznie na wniosek Generalnego Dyrektora Ochrony Środowiska,Nie rzadziej niż raz na 3 lata,4,Art. 77 przewiduje kontrolę nie rzadziej niż raz na 3 lata.
Jaki obowiązek mają organy gminy w zakresie terenów zieleni i zadrzewień?,Zakładać i utrzymywać je w należytym stanie,Wyłącznie prowadzić ich ewidencję,Przekazywać je w zarząd powiatu,Obowiązkowo obejmować je ochroną pomnikową,1,Art. 78 ust. 1 nakłada na organy gminy obowiązek zakładania i utrzymywania terenów zieleni i zadrzewień.
Jaki udział powierzchni biologicznie czynnej należy w miarę możliwości zapewnić przy zakładaniu terenu zieleni?,Co najmniej 50%,Co najmniej 90% powierzchni terenu zieleni,Co najmniej 60%,Co najmniej 75%,2,"Art. 78 ust. 2 wskazuje, że w miarę możliwości powierzchnia biologicznie czynna powinna zajmować co najmniej 90%."
Kiedy rada gminy może uznać teren za park gminny?,Wyłącznie gdy teren jest własnością Skarbu Państwa,Tylko gdy teren ma co najmniej 10 ha,"Gdy teren poza obrębem miast i wsi o zwartej zabudowie jest pokryty drzewostanem, nie jest objęty ochroną zabytków i spełnione są warunki własności lub zgody właściciela",Wyłącznie po zgodzie ministra właściwego do spraw środowiska,3,"Art. 81 określa warunki uznania terenu za park gminny, w tym kwestie własności lub zgody właściciela."
Kto co do zasady wydaje zezwolenie na usunięcie drzewa lub krzewu z nieruchomości?,Starosta,Regionalny dyrektor ochrony środowiska,Marszałek województwa,"Wójt, burmistrz albo prezydent miasta",4,"Art. 83a ust. 1 wskazuje wójta, burmistrza albo prezydenta miasta jako organ właściwy co do zasady."
Kto wydaje zezwolenie na usunięcie drzewa lub krzewu z nieruchomości lub jej części wpisanej do rejestru zabytków?,Wojewódzki konserwator zabytków,Wójt,Starosta,Regionalny dyrektor ochrony środowiska,1,Dla nieruchomości lub jej części wpisanej do rejestru zabytków właściwy jest wojewódzki konserwator zabytków.
"Z kim uzgadnia się zezwolenie na usunięcie drzewa w pasie drogowym drogi publicznej, z wyłączeniem obcych gatunków topoli?",Z dyrektorem parku narodowego,Z regionalnym dyrektorem ochrony środowiska,Z marszałkiem województwa,Z Generalnym Dyrektorem Dróg Krajowych i Autostrad w każdym przypadku,2,Art. 83a ust. 2a wymaga uzgodnienia z regionalnym dyrektorem ochrony środowiska.
"Co stosuje się, gdy liczba stron postępowania o zezwolenie na usunięcie drzewa lub krzewu przekracza 20?",Art. 10 Kodeksu cywilnego,Przepisy Kodeksu karnego,Art. 49 Kodeksu postępowania administracyjnego,Wyłącznie przepisy ustawy o drogach publicznych,3,Art. 83a ust. 7 odsyła w takim przypadku do art. 49 KPA.
Na jakiej wysokości mierzy się obwód pnia podawany we wniosku o zezwolenie na usunięcie drzewa?,5 cm,50 cm,100 cm,130 cm,4,Art. 83b wymaga podania obwodu pnia mierzonego na wysokości 130 cm.
Co organ robi przed wydaniem zezwolenia na usunięcie drzewa lub krzewu w związku z gatunkami chronionymi?,Dokonuje oględzin w zakresie występowania gatunków chronionych,Zawsze zleca ekspertyzę sądową,Zawsze odmawia zezwolenia,Przekazuje sprawę Generalnemu Dyrektorowi Ochrony Środowiska,1,Art. 83c ust. 1 nakazuje dokonanie oględzin w zakresie występowania gatunków chronionych.
Od czego może być uzależnione wydanie zezwolenia na usunięcie drzewa lub krzewu?,Wyłącznie od zapłaty kaucji,Od wykonania nasadzeń zastępczych lub przesadzenia drzewa albo krzewu,Wyłącznie od zgody rady gminy,Od obowiązkowego ustanowienia pomnika przyrody,2,Art. 83c ust. 3 pozwala uzależnić zezwolenie od nasadzeń zastępczych lub przesadzenia.
Która informacja należy do elementów zezwolenia na usunięcie drzewa lub krzewu?,Numer PESEL wszystkich sąsiadów,Wartość rynkowa nieruchomości,Termin usunięcia drzewa lub krzewu,Numer księgi wieczystej każdej sąsiedniej działki,3,Art. 83d wymienia m.in. termin usunięcia drzewa lub krzewu jako element zezwolenia.
"Kto ponosi odszkodowanie za usunięcie drzewa lub krzewu na wniosek właściciela urządzeń przesyłowych, np. sieci wodnej, gazowej lub energetycznej (art. 49 § 1 Kodeksu cywilnego)?",Gmina,Skarb Państwa,Właściciel nieruchomości,Właściciel urządzeń,4,"Art. 83e stanowi, że odszkodowanie przysługuje od właściciela urządzeń."
"Co się dzieje, jeżeli strony nie uzgodnią wysokości odszkodowania za usunięcie drzewa lub krzewu w ciągu 30 dni od usunięcia?","Odszkodowanie ustala organ, który wydał zezwolenie",Roszczenie wygasa,Odszkodowanie ustala sąd karny,Odszkodowanie automatycznie wynosi dwukrotność opłaty za usunięcie,1,"Po 30 dniach bez umowy odszkodowanie ustala organ, który wydał zezwolenie."
Do jakiej powierzchni skupiska krzewów nie stosuje się obowiązku uzyskania zezwolenia z art. 83 ust. 1?,Do 10 m²,Do 25 m²,Do 50 m²,Do 100 m²,2,Art. 83f ust. 1 pkt 1 wyłącza skupiska krzewów o powierzchni do 25 m².
"Jaki próg obwodu pnia na wysokości 5 cm dotyczy topoli, wierzb, klonu jesionolistnego i klonu srebrzystego?",50 cm,65 cm,80 cm,100 cm,3,Dla tych gatunków próg wskazany w art. 83f wynosi 80 cm.
"Jaki próg obwodu pnia na wysokości 5 cm dotyczy kasztanowca zwyczajnego, robinii akacjowej i platanu klonolistnego?",50 cm,80 cm,100 cm,65 cm,4,Dla tych gatunków próg wskazany w art. 83f wynosi 65 cm.
Jaki próg obwodu pnia na wysokości 5 cm dotyczy pozostałych gatunków drzew niewymienionych w progach 80 i 65 cm?,50 cm,40 cm,65 cm,80 cm,1,Dla pozostałych gatunków art. 83f przewiduje próg 50 cm.
"Czy właściciel będący osobą fizyczną, usuwający drzewo na cel niezwiązany z działalnością gospodarczą, zawsze może usunąć je bez żadnej procedury?","Tak, zawsze.","Nie, po przekroczeniu ustawowych progów obwodu wymagane jest zgłoszenie zamiaru usunięcia drzewa.","Nie, zawsze wymagane jest pełne zezwolenie.","Tak, ale tylko w parku narodowym.",2,"Dla osób fizycznych art. 83f przewiduje zwolnienie z zezwolenia, lecz przy przekroczeniu progów obwodu obowiązuje zgłoszenie."
Co musi zawierać zgłoszenie zamiaru usunięcia drzewa przez osobę fizyczną w trybie art. 83f?,Wyłącznie nazwę gatunku drzewa,Operat szacunkowy nieruchomości,"Imię i nazwisko, oznaczenie nieruchomości oraz rysunek albo mapkę określającą usytuowanie drzewa",Projekt nasadzeń zastępczych w każdym przypadku,3,Art. 83f ust. 5 wymienia te trzy podstawowe elementy zgłoszenia.
W jakim terminie od doręczenia zgłoszenia organ dokonuje oględzin drzewa?,7 dni,14 dni,30 dni,21 dni,4,Art. 83f ust. 6 przewiduje 21 dni na dokonanie oględzin.
"Co należy zrobić, jeżeli zgłoszone drzewo nie zostanie usunięte w ciągu 6 miesięcy od oględzin?",Dokonać ponownego zgłoszenia zamiaru usunięcia drzewa,Uzyskać zgodę sądu,Zapłacić automatycznie opłatę,"Nic, zgłoszenie jest ważne bezterminowo",1,Art. 83f ust. 13 wymaga ponownego zgłoszenia po upływie 6 miesięcy od oględzin.
Kto ponosi opłatę za usunięcie drzewa lub krzewu?,"Zawsze właściciel nieruchomości, niezależnie od posiadania",Posiadacz nieruchomości,Regionalny dyrektor ochrony środowiska,Gmina,2,Art. 84 ust. 1 wskazuje posiadacza nieruchomości jako podmiot ponoszący opłatę.
"Na jaki okres odracza się termin uiszczenia opłaty, gdy zezwolenie uzależniono od przesadzenia lub nasadzeń zastępczych?",Na 1 rok,Na 2 lata,Na 3 lata,Na 5 lat,3,Art. 84 ust. 3 przewiduje odroczenie na okres 3 lat.
Jak oblicza się opłatę za usunięcie drzewa?,Mnożąc wysokość drzewa przez stawkę opłaty,Mnożąc powierzchnię korony przez stawkę,Na podstawie wartości nieruchomości,Mnożąc liczbę centymetrów obwodu pnia mierzonego na wysokości 130 cm przez stawkę opłaty,4,Art. 85 ust. 1 określa taki sposób obliczenia opłaty.
Jak przyjmuje się obwód drzewa mającego kilka pni na wysokości 130 cm na potrzeby opłaty?,Jako sumę obwodu największego pnia i połowy obwodów pozostałych pni,Jako sumę pełnych obwodów wszystkich pni,Wyłącznie jako obwód największego pnia,Jako średnią arytmetyczną obwodów wszystkich pni,1,Art. 85 ust. 2 pkt 1 nakazuje zsumować największy obwód i połowę obwodów pozostałych pni.
Jak oblicza się opłatę za usunięcie krzewu?,Mnożąc liczbę pędów przez stawkę,Mnożąc liczbę metrów kwadratowych powierzchni gruntu pokrytej krzewami przez stawkę opłaty,Mnożąc wysokość krzewu przez stawkę,Na podstawie liczby lat krzewu,2,Art. 85 ust. 3 wiąże opłatę z powierzchnią gruntu pokrytą usuwanymi krzewami.
Jaka jest maksymalna ustawowa stawka opłaty za usuwanie drzew?,200 zł,300 zł,500 zł,1000 zł,3,"Art. 85 ust. 5 stanowi, że stawki opłat za usuwanie drzew nie mogą przekraczać 500 zł."
Jaka jest maksymalna ustawowa stawka opłaty za usuwanie krzewów?,100 zł,500 zł,1000 zł,200 zł,4,"Art. 85 ust. 6 stanowi, że stawki opłat za usuwanie krzewów nie mogą przekraczać 200 zł."
Po jakim czasie przedawnia się obowiązek uiszczenia opłaty za usunięcie drzewa lub krzewu?,"Po 5 latach, licząc od końca roku, w którym upłynął termin uiszczenia opłaty",Po 2 latach od wydania zezwolenia,Po 3 latach od usunięcia drzewa,Po 10 latach od końca roku wydania decyzji,1,"Art. 87 ust. 1 przewiduje pięcioletni termin liczony od końca roku, w którym upłynął termin płatności."
Jaki jest co do zasady termin uiszczenia opłaty po uzyskaniu ostatecznego zezwolenia na usunięcie drzewa lub krzewu albo decyzji ustalającej taką opłatę (art. 87)?,7 dni,14 dni,21 dni,30 dni,2,Art. 87 ust. 3 przewiduje co do zasady termin 14 dni.
Na jaki maksymalny okres można rozłożyć opłatę za usunięcie drzewa lub krzewu na raty lub przesunąć termin płatności z powodu sytuacji materialnej?,Na 1 rok,Na 5 lat,Na 3 lata,Na 10 lat,3,Art. 87 ust. 6 przewiduje okres nie dłuższy niż 3 lata.
"Kiedy usunięcie gałęzi stanowi uszkodzenie drzewa, jeżeli nie zachodzi jeden z ustawowych wyjątków?",Gdy przekracza 10% korony,Gdy przekracza 20% korony,Dopiero gdy przekracza 50% korony,Gdy przekracza 30% korony rozwiniętej w całym okresie rozwoju drzewa,4,Art. 87a ust. 4 kwalifikuje takie usunięcie ponad 30% korony jako uszkodzenie drzewa.
"Kiedy usunięcie gałęzi stanowi zniszczenie drzewa, jeżeli nie zachodzi jeden z ustawowych wyjątków?",Gdy przekracza 50% korony rozwiniętej w całym okresie rozwoju drzewa,Gdy przekracza 20% korony,Gdy przekracza 30% korony,Gdy przekracza 40% korony,1,Art. 87a ust. 5 kwalifikuje usunięcie ponad 50% korony jako zniszczenie drzewa.
Jak długo należy przechowywać dokumentację specjalistycznego zabiegu wykonanego w celu przywrócenia statyki drzewa?,1 rok,"5 lat od końca roku, w którym wykonano zabieg",3 lata,10 lat,2,Art. 87a ust. 3 przewiduje pięcioletni okres przechowywania dokumentacji.
Kto wymierza administracyjną karę pieniężną m.in. za usunięcie drzewa bez wymaganego zezwolenia?,Regionalny dyrektor ochrony środowiska,Policja,"Wójt, burmistrz albo prezydent miasta",Sąd rejonowy w pierwszej instancji,3,"Art. 88 ust. 1 wskazuje wójta, burmistrza albo prezydenta miasta."
Jaka jest co do zasady wysokość administracyjnej kary za usunięcie drzewa lub krzewu bez wymaganego zezwolenia?,Połowa opłaty,Jednokrotność opłaty,Trzykrotność opłaty,Dwukrotność opłaty za usunięcie drzewa lub krzewu,4,Art. 89 ust. 1 ustala karę dla wskazanych naruszeń co do zasady na poziomie dwukrotności opłaty.
Jak ustala się administracyjną karę za uszkodzenie drzewa spowodowane pracami w obrębie korony?,"Jako opłatę za usunięcie drzewa pomnożoną przez 0,6",Jako dwukrotność opłaty,"Jako opłatę pomnożoną przez 0,25",Jako trzykrotność opłaty,1,"Art. 89 ust. 2 przewiduje mnożnik 0,6."
"O ile obniża się karę w przypadku usunięcia drzewa lub krzewu obumarłego, nierokującego szansy na przeżycie, złomu lub wywrotu?",O 20%,O 50%,O 30%,O 75%,2,Art. 89 ust. 6 przewiduje obniżenie kary o 50%.
Czy wymierza się administracyjną karę pieniężną za usunięcie lub zniszczenie drzewa w okolicznościach uzasadnionych stanem wyższej konieczności?,"Tak, zawsze w pełnej wysokości.","Tak, ale tylko 50% kary.",Nie,"Tak, chyba że zgodzi się rada gminy.",3,Art. 89 ust. 7 wyłącza karę w okolicznościach uzasadnionych stanem wyższej konieczności.
"Kto wykonuje czynności dotyczące zezwoleń na usuwanie drzew i krzewów oraz związanych z nimi opłat i kar (art. 83–89) na nieruchomości gminnej, jeżeli normalnie wykonywałby je wójt, burmistrz albo prezydent miasta?",Wojewoda,Regionalny dyrektor ochrony środowiska,Dyrektor parku narodowego,Starosta,4,Art. 90 ust. 1 przenosi w takim przypadku kompetencję na starostę.
"Kto wykonuje czynności dotyczące zezwoleń na usuwanie drzew i krzewów oraz związanych z nimi opłat i kar (art. 83–89) dla nieruchomości gminnej, gdy prezydent miasta na prawach powiatu sprawuje funkcję starosty?",Marszałek województwa,Wojewoda,Generalny Dyrektor Ochrony Środowiska,Minister właściwy do spraw środowiska,1,Art. 90 ust. 2 przewiduje w tej sytuacji właściwość marszałka województwa.
Który z poniższych podmiotów jest organem w zakresie ochrony przyrody w rozumieniu art. 91?,Rada naukowa parku narodowego,"Wójt, burmistrz albo prezydent miasta",Państwowa Rada Ochrony Przyrody,Komisja konkursowa dyrektora parku narodowego,2,"Art. 91 wymienia wójta, burmistrza albo prezydenta miasta wśród organów ochrony przyrody."
Kto powołuje i odwołuje Głównego Konserwatora Przyrody?,Minister właściwy do spraw środowiska samodzielnie,Prezydent RP,Prezes Rady Ministrów na wniosek ministra właściwego do spraw środowiska,Generalny Dyrektor Ochrony Środowiska,3,Art. 92 ust. 2 powierza powołanie i odwołanie Prezesowi Rady Ministrów na wniosek ministra.
Ilu członków liczy Państwowa Rada Ochrony Przyrody?,Od 5 do 10,Od 10 do 20,Od 20 do 30,Od 20 do 40,4,Art. 96 ust. 1 określa liczebność Państwowej Rady Ochrony Przyrody na 20–40 członków.
Jak długo trwa kadencja Państwowej Rady Ochrony Przyrody?,5 lat,3 lata,4 lata,6 lat,1,Art. 96 ust. 1ba przewiduje pięcioletnią kadencję.
Ilu członków liczy regionalna rada ochrony przyrody?,Od 5 do 10,Od 20 do 30,Od 10 do 20,Od 30 do 50,2,Art. 97 ust. 1 przewiduje 20–30 członków regionalnej rady ochrony przyrody.
Ilu członków liczy rada naukowa parku narodowego?,Od 5 do 10,Od 20 do 30,Od 10 do 20,Od 20 do 40,3,Art. 98 ust. 1 przewiduje 10–20 członków rady naukowej parku narodowego.
Kto powołuje dyrektora parku krajobrazowego?,Regionalny dyrektor ochrony środowiska,Minister właściwy do spraw środowiska,Rada gminy,Zarząd województwa po zasięgnięciu opinii regionalnej rady ochrony przyrody,4,Art. 105 ust. 2 powierza powołanie dyrektora parku krajobrazowego zarządowi województwa.
Kto prowadzi centralny rejestr form ochrony przyrody?,Generalny Dyrektor Ochrony Środowiska,Minister właściwy do spraw środowiska,Każdy starosta dla całego kraju,Marszałek województwa,1,Art. 113 ust. 1 powierza prowadzenie centralnego rejestru Generalnemu Dyrektorowi Ochrony Środowiska.
W ramach czego prowadzi się monitoring przyrodniczy różnorodności biologicznej i krajobrazowej?,Narodowego Spisu Powszechnego,Państwowego monitoringu środowiska,Państwowego Monitoringu Lasów wyłącznie,Systemu informacji przestrzennej gmin,2,"Art. 112 ust. 1 stanowi, że monitoring przyrodniczy jest prowadzony w ramach państwowego monitoringu środowiska."
Których form dotyczy centralny rejestr form ochrony przyrody prowadzony przez GDOŚ?,Wszystkich form łącznie z ochroną gatunkową z pkt 10,Wyłącznie parków narodowych i rezerwatów,Form wymienionych w art. 6 ust. 1 pkt 1–9,Wyłącznie form ustanawianych przez gminę,3,Art. 113 ust. 1 obejmuje centralnym rejestrem formy z art. 6 ust. 1 pkt 1–9.
"W jakim terminie organ, który utworzył lub ustanowił określoną formę ochrony przyrody, przesyła GDOŚ wymagane informacje i kopię aktu?",7 dni,14 dni,60 dni,30 dni,4,Art. 113 ust. 4 przewiduje termin 30 dni.
Czy wyznaczenie miejsc parkingowych przy drodze publicznej przebiegającej przez park narodowy wymaga zgody?,"Tak, zgody dyrektora parku narodowego","Nie, nigdy.","Tak, wyłącznie zgody starosty.","Tak, wyłącznie zgody rady gminy.",1,Art. 116 wymaga zgody dyrektora parku narodowego dla miejsc parkingowych na drodze przebiegającej przez park.
"Co powinno zapewniać gospodarowanie zasobami dziko występujących roślin, zwierząt i grzybów?",Wyłącznie maksymalizację pozyskania,"Ich trwałość, optymalną liczebność i ochronę różnorodności genetycznej",Wyłącznie wzrost liczebności każdego gatunku,Całkowity zakaz gospodarczego wykorzystania,2,"Art. 117 wskazuje trwałość, optymalną liczebność i ochronę różnorodności genetycznej."
Do kogo dokonuje się zgłoszenia określonych działań mogących zmieniać warunki wodne lub wodno-glebowe na wskazanych obszarach chronionych?,Do rady gminy,Do Generalnego Dyrektora Ochrony Środowiska w każdym przypadku,Do regionalnego dyrektora ochrony środowiska,Do komendanta Policji,3,Art. 118 przewiduje zgłoszenie regionalnemu dyrektorowi ochrony środowiska.
"Jakie obiekty są co do zasady zabronione w pobliżu morza, jezior, rzek i kanałów?",Wszystkie obiekty budowlane bez wyjątku,Wyłącznie obiekty mieszkalne,Wyłącznie ogrodzenia rolne,Obiekty uniemożliwiające lub utrudniające ludziom i dziko występującym zwierzętom dostęp do wody,4,"Art. 119 zakazuje obiektów uniemożliwiających lub utrudniających dostęp do wody, z określonymi wyjątkami."
Czy wywóz za granicę meteorytów i kopalnych szczątków roślin i zwierząt wymaga zezwolenia?,"Tak, zezwolenia Generalnego Dyrektora Ochrony Środowiska","Nie, nigdy.","Tak, zezwolenia wójta.","Tak, zezwolenia starosty.",1,Art. 121 ust. 2 wymaga zezwolenia Generalnego Dyrektora Ochrony Środowiska.
Kogo należy niezwłocznie powiadomić o odkryciu kopalnych szczątków roślin lub zwierząt?,Wyłącznie Policję,"Regionalnego dyrektora ochrony środowiska, a gdy nie jest to możliwe – właściwego wójta, burmistrza albo prezydenta miasta",Wyłącznie ministra właściwego do spraw środowiska,Wyłącznie starostę,2,"Art. 122 ust. 1 wskazuje regionalnego dyrektora ochrony środowiska, a pomocniczo organ wykonawczy gminy."
"Czy wypalanie łąk, pastwisk, nieużytków, rowów, pasów przydrożnych, szlaków kolejowych, trzcinowisk i szuwarów jest co do zasady dozwolone?","Tak, zawsze.","Tak, po zgłoszeniu w gminie.","Nie, jest zabronione","Tak, jeśli powierzchnia nie przekracza 1 ha.",3,Art. 124 ust. 1 ustanawia generalny zakaz wypalania tych terenów.
"Kiedy mogą być niszczone lub zabijane rośliny, zwierzęta lub grzyby nieobjęte formami ochrony przyrody?",Zawsze bez ograniczeń,Wyłącznie po zgodzie ministra,Wyłącznie na nieruchomości prywatnej,"Tylko w związku z przypadkami wymienionymi w art. 125, np. racjonalną gospodarką, badaniami, bezpieczeństwem lub akcją ratowniczą",4,Art. 125 enumeratywnie wskazuje sytuacje uzasadniające niszczenie lub zabijanie takich organizmów.
"Czy odpowiedzialność Skarbu Państwa za szkody wyrządzane przez żubry, wilki, rysie, niedźwiedzie i bobry (art. 126) obejmuje utracone korzyści?",Nie,"Tak, zawsze.","Tak, ale tylko do 10 000 zł.","Tak, jeżeli szkodę wyrządził wilk.",1,Art. 126 ust. 2 wyłącza utracone korzyści z zakresu odpowiedzialności.
"Jaka kara grozi za umyślne naruszanie zakazów obowiązujących m.in. w parkach narodowych, rezerwatach i obszarach Natura 2000 na podstawie art. 127?",Wyłącznie kara pozbawienia wolności od 3 miesięcy do 5 lat,Areszt albo grzywna,Wyłącznie nagana,Wyłącznie administracyjna kara pieniężna,2,Art. 127 przewiduje za wskazane wykroczenia karę aresztu albo grzywny.
"Jaka kara grozi za czyny wskazane w art. 128, m.in. niektóre poważne naruszenia przepisów CITES lub zakazów dotyczących niebezpiecznych zwierząt?",Wyłącznie grzywna do 500 zł,Areszt do 14 dni,Pozbawienie wolności od 3 miesięcy do 5 lat,Pozbawienie wolności do 1 miesiąca,3,Art. 128 przewiduje karę pozbawienia wolności od 3 miesięcy do 5 lat.
"Jaką nawiązkę może orzec sąd, gdy po ukaraniu za wykroczenie lub skazaniu za przestępstwo przeciwko ochronie przyrody nie da się przywrócić stanu poprzedniego (art. 129)?",Do 1 000 zł,Do 5 000 zł,Do 100 000 zł,Do 10 000 zł,4,Art. 129 pkt 2 przewiduje nawiązkę do wysokości 10 000 zł.
"Na podstawie jakich przepisów orzeka się w sprawach o wykroczenia przeciwko ochronie przyrody, do których odsyła art. 132?",Kodeksu postępowania w sprawach o wykroczenia,Kodeksu postępowania administracyjnego,Kodeksu postępowania cywilnego,Ordynacji podatkowej,1,Art. 132 odsyła do Kodeksu postępowania w sprawach o wykroczenia.
"Kto wykonuje w parku narodowym zadania związane m.in. z ochroną przyrody, badaniami naukowymi i działalnością edukacyjną?",Regionalna rada ochrony przyrody,Służba Parku Narodowego,Rada gminy,Służba Parku Krajobrazowego,2,Art. 103 przypisuje te zadania Służbie Parku Narodowego.
Jaki minimalny wiek musi mieć funkcjonariusz Straży Parku?,18 lat,20 lat,21 lat,25 lat,3,Art. 108 ust. 2 wymaga ukończenia 21 lat.
Jak często funkcjonariusz Straży Parku podlega okresowym badaniom lekarskim i psychologicznym?,Co roku,Co 2 lata,Co 10 lat,Co 5 lat,4,Art. 108 ust. 4 przewiduje okresowe badania co 5 lat.
Jakie uprawnienie ma pracownik Służby Parku Krajobrazowego wobec osoby naruszającej przepisy o ochronie przyrody?,"Może ją legitymować, a przy odmowie okazania dokumentu zwrócić się do Policji lub innego właściwego organu o ustalenie tożsamości",Może zawsze dokonać zatrzymania na 48 godzin,Może wymierzyć grzywnę w dowolnej wysokości,Nie ma żadnych uprawnień do ustalania tożsamości,1,Art. 107 ust. 4 przyznaje pracownikowi Służby Parku Krajobrazowego prawo do legitymowania i zwrócenia się o pomoc w ustaleniu tożsamości.
