pytanie,odpowiedz 1,odpowiedz 2,odpowiedz 3,odpowiedz 4,poprawna,opis
Co reguluje Kodeks postępowania administracyjnego w zakresie spraw indywidualnych?,Postępowanie przed organami administracji publicznej w sprawach rozstrzyganych decyzją administracyjną albo załatwianych milcząco,Wyłącznie postępowanie sądowoadministracyjne,Wyłącznie postępowanie podatkowe,Wyłącznie postępowanie cywilne,1,Art. 1 pkt 1 KPA obejmuje sprawy indywidualne rozstrzygane decyzją administracyjną albo załatwiane milcząco.
Czy KPA reguluje postępowanie w sprawach wydawania zaświadczeń?,Nie,Tak,Tylko w gminach,Wyłącznie gdy zaświadczenie wydaje wojewoda,2,Art. 1 pkt 4 KPA obejmuje postępowanie w sprawach wydawania zaświadczeń.
Czy KPA reguluje administracyjne kary pieniężne?,Nie,Wyłącznie kary podatkowe,"Tak, w zakresie ich nakładania lub wymierzania oraz ulg w wykonaniu",Tylko kary nakładane przez sądy,3,Art. 1 pkt 5 KPA obejmuje administracyjne kary pieniężne i ulgi w ich wykonaniu.
Czy KPA reguluje postępowanie w sprawie skarg i wniosków?,Nie,Wyłącznie skargi,Wyłącznie wnioski,Tak,4,Art. 2 KPA przewiduje postępowanie w sprawie skarg i wniosków.
Czy KPA stosuje się do postępowania w sprawach karnych skarbowych?,Nie,Tak,Tylko w pierwszej instancji,Tylko do terminów,1,Art. 3 § 1 pkt 1 wyłącza postępowanie w sprawach karnych skarbowych.
Czy KPA co do zasady stosuje się do spraw uregulowanych Ordynacją podatkową?,Tak w całości,"Nie, z wyjątkiem wskazanych działów KPA",Tak tylko w gminach,Wyłącznie do decyzji podatkowych,2,"Art. 3 § 1 pkt 2 wyłącza te sprawy, z wyjątkiem działów IV i VIII."
Na jakiej podstawie działają organy administracji publicznej?,Na podstawie uznania urzędnika,Wyłącznie na podstawie uchwał organów samorządu,Na podstawie przepisów prawa,Na podstawie zwyczaju administracyjnego,3,Art. 6 ustanawia zasadę praworządności.
Co powinien zrobić organ dla dokładnego wyjaśnienia stanu faktycznego?,Ograniczyć się wyłącznie do dowodów strony,Zawsze powołać biegłego,Zawsze przeprowadzić rozprawę,Podejmować z urzędu lub na wniosek stron wszelkie niezbędne czynności,4,Art. 7 nakazuje podejmować niezbędne czynności dla dokładnego wyjaśnienia stanu faktycznego.
Jakie interesy organ ma na względzie przy załatwianiu sprawy zgodnie z art. 7 KPA?,Interes społeczny i słuszny interes obywateli,Wyłącznie interes organu,Wyłącznie interes Skarbu Państwa,Tylko interes większości stron,1,Art. 7 wymaga uwzględniania interesu społecznego i słusznego interesu obywateli.
Kiedy wątpliwości co do treści normy prawnej rozstrzyga się na korzyść strony?,Zawsze w każdej sprawie,"Gdy postępowanie dotyczy nałożenia obowiązku albo ograniczenia lub odebrania uprawnienia, z ustawowymi wyjątkami",Nigdy,Wyłącznie w sprawach podatkowych,2,Art. 7a § 1 wprowadza zasadę rozstrzygania określonych wątpliwości prawnych na korzyść strony.
"Czy zasada rozstrzygania wątpliwości prawnych na korzyść strony ma zastosowanie, gdy wymaga tego ważny interes publiczny?",Tak zawsze,Tylko za zgodą strony,Nie,Tylko w postępowaniu odwoławczym,3,Art. 7a § 2 przewiduje wyjątek m.in. ze względu na ważny interes publiczny.
Jak powinny współdziałać organy administracji publicznej?,Wyłącznie na żądanie sądu,Tylko w sprawach finansowych,Nie mają obowiązku współdziałania,W zakresie niezbędnym do dokładnego wyjaśnienia stanu faktycznego i prawnego oraz sprawnego załatwienia sprawy,4,Art. 7b nakazuje współdziałanie adekwatne do charakteru i złożoności sprawy.
W jaki sposób organ powinien prowadzić postępowanie zgodnie z zasadą zaufania?,"W sposób budzący zaufanie, z zachowaniem proporcjonalności, bezstronności i równego traktowania",Wyłącznie szybko,"Tylko zgodnie z utrwaloną praktyką, nawet gdy jest błędna",W sposób poufny wobec strony,1,"Art. 8 § 1 wskazuje zasady proporcjonalności, bezstronności i równego traktowania."
Czy organ może bez uzasadnionej przyczyny odstąpić od utrwalonej praktyki w takim samym stanie faktycznym i prawnym?,Tak zawsze,Nie,Tylko w pierwszej instancji,"Tak, jeśli zmienił się urzędnik prowadzący sprawę",2,Art. 8 § 2 zakazuje nieuzasadnionego odstępowania od utrwalonej praktyki.
Jaki obowiązek informacyjny ma organ wobec stron?,Informować wyłącznie o terminie decyzji,Informować tylko na pisemne żądanie,Należycie i wyczerpująco informować o okolicznościach faktycznych i prawnych mogących wpływać na ich prawa i obowiązki,Nie ma obowiązku informacyjnego,3,Art. 9 ustanawia szeroki obowiązek informowania stron i udzielania wyjaśnień.
"Czy organ powinien czuwać, aby strona nie poniosła szkody z powodu nieznajomości prawa?",Nie,Tylko gdy strona ma pełnomocnika,Wyłącznie w postępowaniu uproszczonym,Tak,4,Art. 9 nakazuje organowi udzielać niezbędnych wyjaśnień i wskazówek.
Czy strona ma prawo do czynnego udziału w każdym stadium postępowania?,Tak,Nie,Tylko w postępowaniu odwoławczym,Wyłącznie przed wydaniem decyzji,1,Art. 10 § 1 ustanawia zasadę czynnego udziału strony.
Kiedy organ może odstąpić od zapewnienia stronie czynnego udziału przed wydaniem decyzji?,Zawsze dla przyspieszenia sprawy,Gdy sprawa nie cierpi zwłoki ze względu na zagrożenie życia lub zdrowia albo grożącą niepowetowaną szkodę materialną,Wyłącznie na wniosek strony,Gdy sprawa jest skomplikowana,2,Art. 10 § 2 przewiduje wyjątkowe odstąpienie od tej zasady.
Jak organ utrwala przyczyny odstąpienia od zasady czynnego udziału strony?,W uchwale,W osobnej decyzji,W drodze adnotacji w aktach sprawy,Nie musi ich utrwalać,3,Art. 10 § 3 nakazuje utrwalić przyczyny w aktach w drodze adnotacji.
Jaki cel ma zasada przekonywania z art. 11 KPA?,Nakłonienie strony do wycofania wniosku,Zastąpienie uzasadnienia decyzji,Ograniczenie prawa do odwołania,"Wyjaśnienie stronom przesłanek rozstrzygnięcia, aby możliwie doprowadzić do wykonania decyzji bez środków przymusu",4,"Art. 11 nakazuje wyjaśniać zasadność przesłanek, którymi organ kieruje się przy załatwieniu sprawy."
Jak organy powinny działać zgodnie z zasadą szybkości i prostoty postępowania?,"Wnikliwie i szybko, posługując się możliwie najprostszymi środkami","Wyłącznie szybko, bez badania sprawy",Zawsze poprzez rozprawę,Wyłącznie pisemnie,1,"Art. 12 § 1 ustanawia zasadę wnikliwości, szybkości i prostoty."
"Jak powinny być załatwiane sprawy niewymagające zbierania dowodów, informacji lub wyjaśnień?",W ciągu miesiąca,Niezwłocznie,W ciągu 14 dni,W ciągu dwóch miesięcy,2,Art. 12 § 2 przewiduje niezwłoczne załatwianie takich spraw.
Czy organy powinny dążyć do polubownego rozstrzygania kwestii spornych?,Nie,Wyłącznie w postępowaniu odwoławczym,"Tak, gdy charakter sprawy na to pozwala",Tylko za zgodą wojewody,3,"Art. 13 nakazuje dążyć do polubownego rozstrzygania spraw, m.in. przez ugodę i mediację."
W jakiej postaci co do zasady prowadzi się i załatwia sprawy?,Wyłącznie papierowej,Wyłącznie ustnie,Wyłącznie elektronicznie,Na piśmie utrwalonym w postaci papierowej lub elektronicznej,4,Art. 14 § 1a przewiduje postać papierową lub elektroniczną.
Czy sprawa może zostać załatwiona ustnie lub telefonicznie?,"Tak, gdy przemawia za tym interes strony i prawo nie stoi temu na przeszkodzie",Nie,Tylko za zgodą sądu,Wyłącznie w postępowaniu skargowym,1,Art. 14 § 2 dopuszcza takie sposoby załatwienia sprawy przy spełnieniu wskazanych warunków.
Jak należy utrwalić ustne lub telefoniczne załatwienie sprawy?,Nie trzeba go utrwalać,W aktach w formie protokołu lub podpisanej przez stronę adnotacji,Wyłącznie nagraniem audio,W uchwale organu,2,Art. 14 § 2 wymaga utrwalenia treści i istotnych motywów.
Ile instancji ma co do zasady postępowanie administracyjne?,Jedną,Trzy,Dwie,Cztery,3,"Art. 15 ustanawia zasadę dwuinstancyjności, chyba że przepis szczególny stanowi inaczej."
Kiedy decyzja jest ostateczna?,Z chwilą podpisania przez urzędnika,Zawsze po 14 dniach,Dopiero po kontroli sądu administracyjnego,Gdy nie służy od niej odwołanie w administracyjnym toku instancji ani wniosek o ponowne rozpatrzenie sprawy,4,Art. 16 § 1 definiuje decyzję ostateczną.
Kiedy decyzja ostateczna jest prawomocna?,Gdy nie można jej zaskarżyć do sądu administracyjnego,Zawsze od chwili wydania,Po 30 dniach od doręczenia,Gdy organ pierwszej instancji tak postanowi,1,"Art. 16 § 3 stanowi, że decyzje ostateczne niezaskarżalne do sądu są prawomocne."
Jaki jest co do zasady organ wyższego stopnia wobec organów jednostek samorządu terytorialnego?,Wojewoda,Samorządowe kolegium odwoławcze,Minister właściwy do spraw administracji,Rada gminy,2,"Art. 17 pkt 1 wskazuje SKO, chyba że ustawy szczególne stanowią inaczej."
Czy organ administracji publicznej bada z urzędu swoją właściwość rzeczową i miejscową?,Nie,Tylko na zarzut strony,Tak,Wyłącznie organ odwoławczy,3,Art. 19 nakazuje przestrzegać właściwości rzeczowej i miejscowej z urzędu.
Jak ustala się właściwość rzeczową organu?,Według miejsca zamieszkania strony,Według wartości przedmiotu sprawy,Według wyboru strony,Według przepisów o zakresie jego działania,4,Art. 20 określa właściwość rzeczową przez zakres działania organu.
Jak ustala się właściwość miejscową w sprawach dotyczących nieruchomości?,Według miejsca położenia nieruchomości,Według miejsca zamieszkania właściciela,Według siedziby organu odwoławczego,Według miejsca zawarcia umowy,1,Art. 21 § 1 pkt 1 wskazuje miejsce położenia nieruchomości.
"Gdy nieruchomość leży na obszarze właściwości kilku organów, który organ jest właściwy?",Każdy z nich jednocześnie,"Ten, na którego obszarze znajduje się większa część nieruchomości",Organ wybrany przez stronę,Wojewoda,2,Art. 21 § 1 pkt 1 przyznaje właściwość organowi obejmującemu większą część nieruchomości.
Jak ustala się właściwość miejscową w sprawach dotyczących prowadzenia zakładu pracy?,Według miejsca zamieszkania pracownika,Według siedziby ZUS,"Według miejsca, w którym zakład jest, był lub ma być prowadzony",Według miejsca rejestracji podatkowej,3,Art. 21 § 1 pkt 2 wskazuje miejsce prowadzenia zakładu.
Kto rozstrzyga spory kompetencyjne między organami jednostek samorządu terytorialnego a organami administracji rządowej?,Wojewoda,Prezes Rady Ministrów,Samorządowe kolegium odwoławcze,Sąd administracyjny,4,Art. 22 § 2 powierza te spory sądowi administracyjnemu.
Co może robić organ do czasu rozstrzygnięcia sporu o właściwość?,Tylko czynności niecierpiące zwłoki ze względu na interes społeczny lub słuszny interes obywateli,W pełni prowadzić sprawę,Wydać decyzję kończącą postępowanie,Umorzyć sprawę,1,Art. 23 ogranicza działania organu do czynności niecierpiących zwłoki.
Czy pracownik podlega wyłączeniu w sprawie dotyczącej jego małżonka?,Nie,Tak,Tylko na wniosek strony,Wyłącznie gdy chodzi o interes majątkowy,2,Art. 24 § 1 pkt 2 przewiduje wyłączenie w sprawie małżonka.
Do którego stopnia pokrewieństwa i powinowactwa sięga ustawowa przesłanka wyłączenia pracownika?,Do pierwszego stopnia,Do trzeciego stopnia,Do drugiego stopnia,Do czwartego stopnia,3,Art. 24 § 1 pkt 2 obejmuje krewnych i powinowatych do drugiego stopnia.
"Czy pracownik, który brał udział w wydaniu zaskarżonej decyzji, podlega wyłączeniu?",Nie,Tylko w postępowaniu sądowym,Wyłącznie gdy zażąda tego strona,Tak,4,Art. 24 § 1 pkt 5 przewiduje wyłączenie takiego pracownika.
Czy przyczyna wyłączenia wynikająca z małżeństwa trwa po ustaniu małżeństwa?,Tak,Nie,Tylko przez rok,Wyłącznie do końca postępowania pierwszej instancji,1,Art. 24 § 2 przewiduje dalsze trwanie tej przyczyny.
Kto wyznacza innego pracownika po wyłączeniu pracownika prowadzącego sprawę?,Wojewoda,Jego bezpośredni przełożony,Strona,Organ odwoławczy,2,Art. 26 § 1 powierza to bezpośredniemu przełożonemu.
Kto jest stroną postępowania administracyjnego?,Każdy mieszkaniec gminy,Wyłącznie wnioskodawca,"Każdy, czyjego interesu prawnego lub obowiązku dotyczy postępowanie albo kto żąda czynności ze względu na swój interes prawny lub obowiązek",Wyłącznie właściciel nieruchomości,3,Art. 28 definiuje stronę przez interes prawny lub obowiązek.
Czy stroną może być osoba prawna?,Nie,Tylko jednostka samorządu terytorialnego,Wyłącznie osoba fizyczna,Tak,4,Art. 29 dopuszcza osoby fizyczne i prawne jako strony.
Czy jednostka organizacyjna bez osobowości prawnej może być stroną w przypadkach wskazanych w KPA?,Tak,Nie,Wyłącznie spółka cywilna,Tylko za zgodą organu,1,Art. 29 dopuszcza w określonych przypadkach także jednostki bez osobowości prawnej.
Według jakich przepisów ocenia się zdolność prawną i zdolność do czynności prawnych stron?,Według Kodeksu karnego,"Według przepisów prawa cywilnego, o ile przepisy szczególne nie stanowią inaczej",Według prawa administracyjnego wyłącznie,Według uznania organu,2,Art. 30 § 1 odsyła do prawa cywilnego.
Kiedy organizacja społeczna może żądać wszczęcia postępowania dotyczącego innej osoby?,Zawsze,Tylko za zgodą strony,Gdy jest to uzasadnione jej celami statutowymi i przemawia za tym interes społeczny,Wyłącznie gdy jest organizacją pożytku publicznego,3,Art. 31 § 1 wymaga celów statutowych i interesu społecznego.
Czy organizacja społeczna dopuszczona do postępowania uczestniczy na prawach strony?,Nie,Tylko jako świadek,Wyłącznie jako pełnomocnik,Tak,4,Art. 31 § 3 przyznaje jej prawa strony.
Czy na odmowę dopuszczenia organizacji społecznej do udziału w postępowaniu przysługuje zażalenie?,Tak,Nie,Tylko skarga do sądu,Wyłącznie odwołanie,1,Art. 31 § 2 przewiduje zażalenie.
Czy strona może działać przez pełnomocnika?,Nie,"Tak, chyba że charakter czynności wymaga osobistego działania",Wyłącznie w postępowaniu odwoławczym,Tylko za zgodą organu,2,Art. 32 dopuszcza działanie przez pełnomocnika z wyjątkiem czynności osobistych.
Kto może być pełnomocnikiem strony?,Wyłącznie adwokat,Wyłącznie radca prawny,Osoba fizyczna posiadająca zdolność do czynności prawnych,Każda osoba prawna,3,Art. 33 § 1 określa pełnomocnika jako osobę fizyczną posiadającą zdolność do czynności prawnych.
W jakiej formie udziela się pełnomocnictwa?,Wyłącznie w formie aktu notarialnego,Tylko ustnie,Wyłącznie elektronicznie,Na piśmie lub przez zgłoszenie do protokołu,4,Art. 33 § 2 przewiduje formę pisemną lub zgłoszenie do protokołu.
Czy w sprawie mniejszej wagi organ może nie żądać pełnomocnictwa od najbliższego członka rodziny lub domownika?,"Tak, jeśli nie ma wątpliwości co do istnienia i zakresu upoważnienia",Nie,Tylko za zgodą wojewody,Wyłącznie w postępowaniu uproszczonym,1,Art. 33 § 4 dopuszcza takie odstąpienie.
W jakim terminie co do zasady należy załatwić sprawę wymagającą postępowania wyjaśniającego?,W ciągu 7 dni,Nie później niż w ciągu miesiąca,W ciągu 14 dni,W ciągu dwóch miesięcy,2,Art. 35 § 3 przewiduje co do zasady termin miesiąca.
W jakim terminie należy załatwić sprawę szczególnie skomplikowaną?,W ciągu miesiąca,W ciągu 14 dni,Nie później niż w ciągu dwóch miesięcy od wszczęcia postępowania,W ciągu trzech miesięcy,3,Art. 35 § 3 przewiduje dla spraw szczególnie skomplikowanych termin dwóch miesięcy.
W jakim terminie należy załatwić sprawę w postępowaniu odwoławczym?,W ciągu 7 dni,W ciągu 14 dni,W ciągu dwóch miesięcy,W ciągu miesiąca od otrzymania odwołania,4,Art. 35 § 3 przewiduje termin miesiąca dla postępowania odwoławczego.
W jakim terminie należy załatwić sprawę w postępowaniu uproszczonym?,"Niezwłocznie, nie później niż w ciągu miesiąca",W ciągu 7 dni,W ciągu 14 dni,W ciągu dwóch miesięcy,1,"Art. 35 § 3a przewiduje niezwłoczne załatwienie, maksymalnie w miesiąc."
Czy okres zawieszenia postępowania wlicza się do terminów załatwiania spraw z art. 35?,Tak zawsze,Nie,Tylko połowę okresu,Wyłącznie w postępowaniu odwoławczym,2,Art. 35 § 5 wyłącza okres zawieszenia z biegu tych terminów.
"Co powinien zrobić organ, jeśli nie załatwi sprawy w terminie?",Umorzyć postępowanie,Wydać decyzję odmowną,"Zawiadomić strony, podać przyczyny zwłoki, wskazać nowy termin i pouczyć o prawie do ponaglenia",Przekazać sprawę organowi wyższego stopnia,3,Art. 36 § 1 określa obowiązki organu w razie przekroczenia terminu.
"Czy obowiązek zawiadomienia o zwłoce istnieje także wtedy, gdy opóźnienie wynika z przyczyn niezależnych od organu?",Nie,Tylko w sprawach skomplikowanych,Wyłącznie na żądanie strony,Tak,4,Art. 36 § 2 obejmuje również zwłokę z przyczyn niezależnych od organu.
Kiedy stronie służy ponaglenie z powodu bezczynności?,Gdy sprawy nie załatwiono w terminie ustawowym lub terminie wskazanym przez organ,Po każdej decyzji odmownej,Wyłącznie po dwóch miesiącach,Tylko gdy organ odmówi przyjęcia podania,1,Art. 37 § 1 pkt 1 definiuje bezczynność jako niezałatwienie sprawy w terminie.
Kiedy stronie służy ponaglenie z powodu przewlekłości?,Gdy organ wyda decyzję negatywną,Gdy postępowanie jest prowadzone dłużej niż jest to niezbędne do załatwienia sprawy,Gdy strona nie zgadza się z dowodem,Wyłącznie po upływie roku,2,Art. 37 § 1 pkt 2 definiuje przewlekłość.
Czy ponaglenie musi zawierać uzasadnienie?,Nie,Tylko gdy dotyczy przewlekłości,Tak,Wyłącznie gdy wnosi je pełnomocnik,3,Art. 37 § 2 wymaga uzasadnienia ponaglenia.
"Do kogo wnosi się ponaglenie, gdy istnieje organ wyższego stopnia?",Bezpośrednio do sądu administracyjnego,Do wojewody w każdym przypadku,Do organu prowadzącego bez pośrednictwa,Do organu wyższego stopnia za pośrednictwem organu prowadzącego postępowanie,4,Art. 37 § 3 pkt 1 wskazuje organ wyższego stopnia i pośrednictwo organu prowadzącego.
Co dzieje się z ponagleniem wniesionym przed upływem terminu załatwienia sprawy?,Pozostawia się je bez rozpoznania,Rozpatruje się je normalnie,Traktuje się jak odwołanie,Przekazuje się sądowi,1,Art. 37 § 3a przewiduje pozostawienie przedwczesnego ponaglenia bez rozpoznania.
W jakim terminie organ prowadzący postępowanie przekazuje ponaglenie organowi wyższego stopnia?,W ciągu 3 dni,Nie później niż w ciągu 7 dni,W ciągu 14 dni,W ciągu miesiąca,2,Art. 37 § 4 przewiduje termin siedmiu dni.
W jakim terminie co do zasady rozpatruje się ponaglenie?,W ciągu 14 dni,W ciągu miesiąca,W ciągu 7 dni od otrzymania,W ciągu dwóch miesięcy,3,Art. 37 § 5 przewiduje termin siedmiu dni.
Czy pracownik może ponosić odpowiedzialność za nieuzasadnione niezałatwienie sprawy w terminie lub przewlekłość?,Nie,Wyłącznie finansową,Tylko po wyroku sądu karnego,Tak,4,"Art. 38 przewiduje odpowiedzialność porządkową, dyscyplinarną lub inną."
Na jaki adres organ co do zasady doręcza pisma elektronicznie?,Na adres do doręczeń elektronicznych,Na dowolny adres e-mail,Wyłącznie na profil zaufany,Na adres zameldowania,1,Art. 39 § 1 przewiduje doręczenie na adres do doręczeń elektronicznych.
"Komu doręcza się pisma, gdy strona działa przez przedstawiciela?",Zawsze stronie,Przedstawicielowi,Organowi wyższego stopnia,Pełnomocnikowi innej strony,2,Art. 40 § 1 przewiduje doręczanie przedstawicielowi.
"Komu doręcza się pisma, gdy strona ustanowiła pełnomocnika?",Wyłącznie stronie,Przewodniczącemu rady,Pełnomocnikowi,Organowi odwoławczemu,3,Art. 40 § 2 przewiduje doręczenie pełnomocnikowi.
Czy strona ma obowiązek zawiadomić organ o zmianie adresu w toku postępowania?,Nie,Tylko gdy mieszka za granicą,Wyłącznie na żądanie organu,Tak,4,Art. 41 § 1 nakłada taki obowiązek.
Jaki skutek ma brak zawiadomienia o zmianie adresu?,Doręczenie na dotychczasowy adres ma skutek prawny,Wszystkie doręczenia są nieważne,Postępowanie ulega zawieszeniu,Organ musi sam ustalić nowy adres w każdym przypadku,1,Art. 41 § 2 przewiduje skuteczność doręczenia na dotychczasowy adres.
Gdzie co do zasady doręcza się pisma osobie fizycznej?,Wyłącznie w urzędzie,"W mieszkaniu, miejscu pracy albo na wskazany adres do korespondencji",Tylko w miejscu zameldowania,Wyłącznie przez sąd,2,Art. 42 § 1 określa podstawowe miejsca doręczenia.
Komu można doręczyć pismo pod nieobecność adresata?,Dowolnej osobie na ulicy,Wyłącznie pracodawcy adresata,"Dorosłemu domownikowi, sąsiadowi lub dozorcy, jeśli podjęli się oddania pisma adresatowi",Tylko małżonkowi,3,Art. 43 przewiduje doręczenie zastępcze wskazanym osobom.
Jak długo przechowuje się pismo w placówce pocztowej przy awizowaniu na podstawie art. 44?,7 dni,21 dni,30 dni,14 dni,4,Art. 44 § 1 przewiduje okres 14 dni.
"Po ilu dniach od pierwszego zawiadomienia pozostawia się powtórne zawiadomienie, jeśli przesyłki nie odebrano?",Po upływie 7 dni,Po 3 dniach,Po 10 dniach,Po 14 dniach,1,"Art. 44 § 2–3 przewiduje pierwszą możliwość odbioru w terminie siedmiu dni, a następnie powtórne zawiadomienie."
Kiedy przy awizowaniu uważa się doręczenie za dokonane?,W dniu pierwszego awiza,Z upływem ostatniego dnia 14-dniowego okresu przechowywania,W dniu drugiego awiza,Po 30 dniach,2,Art. 44 § 4 ustanawia fikcję doręczenia z upływem ostatniego dnia okresu.
Jaki skutek ma odmowa przyjęcia pisma przez adresata?,Doręczenie jest nieskuteczne,Trzeba ponowić doręczenie po 7 dniach,Pismo uważa się za doręczone w dniu odmowy,Postępowanie ulega zawieszeniu,3,Art. 47 § 2 przewiduje skutek doręczenia w dniu odmowy.
"Czy zawiadomienie stron może nastąpić przez publiczne obwieszczenie, jeśli przepis szczególny tak stanowi?",Nie,Wyłącznie gdy stron jest ponad 100,Tylko w postępowaniu podatkowym,Tak,4,Art. 49 § 1 dopuszcza publiczne obwieszczenie na podstawie przepisu szczególnego.
"Po jakim czasie od publicznego obwieszczenia zawiadomienie uważa się za dokonane, jeżeli przepis szczególny nie stanowi inaczej?",Po upływie 14 dni,Po 7 dniach,Po 30 dniach,W dniu publikacji,1,Art. 49 § 2 przewiduje co do zasady skutek po 14 dniach.
Kiedy organ może wzywać osoby do udziału w podejmowanych czynnościach i do złożenia wyjaśnień lub zeznań?,Zawsze bez związku ze sprawą,Gdy jest to niezbędne dla rozstrzygnięcia sprawy lub wykonywania czynności urzędowych,Wyłącznie na wniosek strony,Tylko w postępowaniu odwoławczym,2,"Art. 50 § 1 pozwala wzywać osoby, gdy jest to niezbędne dla rozstrzygnięcia sprawy lub czynności urzędowych."
"Czy organ powinien dołożyć starań, aby zadośćuczynienie wezwaniu nie było uciążliwe?",Nie,Tylko wobec świadków,Tak,Wyłącznie wobec osób starszych,3,Art. 50 § 2 nakazuje ograniczać uciążliwość wezwania.
"Czy osoba wezwana co do zasady ma obowiązek osobistego stawiennictwa tylko na obszarze gminy lub miasta, w którym mieszka lub przebywa?","Nie, zawsze w całym kraju",Tylko w obrębie powiatu,Wyłącznie w siedzibie organu,"Tak, z uwzględnieniem także gminy lub miasta sąsiedniego",4,Art. 51 ogranicza obowiązek osobistego stawiennictwa do określonego obszaru.
Czy organ może zwrócić się do innego organu o wezwanie osoby mieszkającej poza jego obszarem?,Tak,Nie,Tylko za zgodą strony,Wyłącznie przez sąd,1,Art. 52 przewiduje pomoc prawną innego organu przy przesłuchaniu lub czynności.
Co powinno zawierać wezwanie?,Wyłącznie datę i podpis,"M.in. oznaczenie organu, dane wzywanego, wskazanie sprawy, charakteru i celu wezwania oraz termin i miejsce",Tylko nazwę organu,Wyłącznie numer sprawy,2,Art. 54 określa elementy wezwania.
Czy wezwanie powinno wskazywać skutki prawne niezastosowania się do niego?,Nie,Tylko przy wezwaniu świadka,Tak,Wyłącznie gdy przewidziana jest grzywna powyżej 1000 zł,3,Art. 54 § 1 pkt 6 wymaga pouczenia o skutkach prawnych.
Czy w sprawach niecierpiących zwłoki można dokonać wezwania telefonicznie?,Nie,Tylko po zgodzie sądu,Wyłącznie gdy wezwana osoba jest stroną,Tak,4,Art. 55 dopuszcza pilne wezwanie m.in. telefonicznie lub innymi środkami łączności.
"Czy osobie, która stawiła się na wezwanie, przysługują koszty podróży i inne należności w przypadkach przewidzianych KPA?",Tak,Nie,Tylko świadkowi,Wyłącznie biegłemu,1,Art. 56 przewiduje zwrot należności w przypadkach określonych w przepisie.
"Jak oblicza się termin określony w dniach, jeśli początkiem terminu jest określone zdarzenie?",Zawsze wlicza się dzień zdarzenia,"Nie uwzględnia się dnia, w którym zdarzenie nastąpiło",Termin zaczyna się po dwóch dniach,Termin liczy się od końca tygodnia,2,"Art. 57 § 1 stanowi, że nie uwzględnia się dnia zdarzenia rozpoczynającego termin."
Kiedy upływa termin określony w tygodniach?,Zawsze w niedzielę,Po 5 dniach roboczych,Z upływem dnia w ostatnim tygodniu odpowiadającego nazwą dniowi początkowemu,Z końcem miesiąca,3,Art. 57 § 2 określa sposób liczenia terminów tygodniowych.
Kiedy upływa termin określony w miesiącach?,Zawsze po 30 dniach,Zawsze w ostatnim dniu miesiąca,Po 31 dniach,"Z upływem dnia w ostatnim miesiącu odpowiadającego datą dniowi początkowemu, a gdy takiego dnia nie ma – w ostatnim dniu miesiąca",4,Art. 57 § 3 określa sposób liczenia terminów miesięcznych.
"Co dzieje się, gdy koniec terminu przypada na sobotę lub dzień ustawowo wolny od pracy?","Termin upływa następnego dnia, który nie jest sobotą ani dniem ustawowo wolnym",Termin upływa mimo to,Termin skraca się do piątku,Termin przedłuża się o tydzień,1,Art. 57 § 4 przesuwa koniec terminu na następny dzień roboczy.
Kiedy termin uważa się za zachowany przy nadaniu pisma przesyłką pocztową?,Dopiero gdy organ otrzyma pismo,Gdy przed jego upływem pismo nadano w polskiej placówce operatora wyznaczonego albo w placówce operatora świadczącego pocztowe usługi powszechne w innym państwie UE,Tylko przy osobistym złożeniu,Wyłącznie przy przesyłce kurierskiej,2,Art. 57 § 5 określa przypadki zachowania terminu przez nadanie pisma.
Kiedy można przywrócić uchybiony termin?,Zawsze na żądanie,Tylko gdy organ popełnił błąd,"Gdy zainteresowany uprawdopodobni, że uchybienie nastąpiło bez jego winy",Wyłącznie w sprawach odwoławczych,3,Art. 58 § 1 uzależnia przywrócenie terminu od braku winy zainteresowanego.
W jakim terminie należy złożyć prośbę o przywrócenie terminu?,W ciągu 14 dni,W ciągu miesiąca,W ciągu 3 dni,W ciągu 7 dni od dnia ustania przyczyny uchybienia,4,Art. 58 § 2 przewiduje termin siedmiu dni.
Co należy zrobić jednocześnie z wniesieniem prośby o przywrócenie terminu?,"Dopełnić czynności, dla której termin był określony",Wnieść opłatę 100 zł,Złożyć skargę do sądu,Przedstawić dwóch świadków,1,Art. 58 § 2 wymaga jednoczesnego dokonania spóźnionej czynności.
Czy termin do złożenia prośby o przywrócenie terminu może być przywrócony?,Tak,Nie,Tylko raz,Wyłącznie przez organ wyższego stopnia,2,"Art. 58 § 3 stanowi, że tego terminu nie można przywrócić."
Kto postanawia o przywróceniu terminu?,Zawsze organ wyższego stopnia,Sąd powszechny,Właściwy w sprawie organ administracji publicznej,Wojewoda w każdej sprawie,3,Art. 59 § 1 powierza rozstrzygnięcie właściwemu organowi.
Kto postanawia o przywróceniu terminu do wniesienia odwołania lub zażalenia?,Organ pierwszej instancji,Sąd administracyjny,Strona przeciwna,Organ właściwy do rozpatrzenia odwołania lub zażalenia,4,Art. 59 § 2 powierza tę decyzję organowi odwoławczemu lub zażaleniowemu.
Czy na odmowę przywrócenia terminu przysługuje zażalenie?,"Tak, z wyjątkiem przypadków dotyczących terminu do odwołania lub zażalenia rozstrzyganych przez organ właściwy do ich rozpoznania",Nie nigdy,Zawsze skarga kasacyjna,Wyłącznie sprzeciw,1,Art. 59 rozróżnia tryb zaskarżenia zależnie od rodzaju terminu.
W jaki sposób może być wszczęte postępowanie administracyjne?,Wyłącznie na żądanie strony,Na żądanie strony lub z urzędu,Wyłącznie z urzędu,Tylko na polecenie organu wyższego stopnia,2,Art. 61 § 1 przewiduje oba sposoby wszczęcia.
"Czy organ może ze względu na szczególnie ważny interes strony wszcząć z urzędu postępowanie, które co do zasady wymaga jej żądania?",Nie,Tak bez zgody strony,"Tak, musi jednak uzyskać zgodę strony w toku postępowania",Wyłącznie za zgodą sądu,3,"Art. 61 § 2 dopuszcza takie wszczęcie, ale wymaga zgody strony."
"Co robi organ, jeśli strona nie wyrazi zgody na prowadzenie z urzędu sprawy wymagającej jej żądania?",Wydaje decyzję odmowną,Kontynuuje bez zgody,Przekazuje sprawę sądowi,Umarza postępowanie,4,Art. 61 § 2 przewiduje umorzenie w razie braku zgody.
Jaka jest data wszczęcia postępowania na żądanie strony?,Dzień doręczenia żądania organowi,Dzień sporządzenia wniosku,Dzień nadania przesyłki w każdym przypadku,Dzień pierwszej czynności organu,1,Art. 61 § 3 wiąże wszczęcie z dniem doręczenia żądania organowi.
Czy organ zawiadamia wszystkie osoby będące stronami o wszczęciu postępowania z urzędu lub na żądanie jednej ze stron?,Nie,Tak,Tylko stronę wnioskującą,Wyłącznie pełnomocników,2,Art. 61 § 4 nakazuje zawiadomić wszystkie strony.
"Co robi organ, gdy żądanie wszczęcia postępowania pochodzi od osoby niebędącej stroną lub z innych przyczyn postępowanie nie może być wszczęte?",Wydaje decyzję co do istoty,Pozostawia bez odpowiedzi,Wydaje postanowienie o odmowie wszczęcia postępowania,Przekazuje sprawę sądowi,3,Art. 61a § 1 przewiduje postanowienie o odmowie wszczęcia.
Czy na postanowienie o odmowie wszczęcia postępowania przysługuje zażalenie?,Nie,Wyłącznie skarga do sądu,Tylko odwołanie,Tak,4,Art. 61a § 2 przewiduje zażalenie.
"Czy w toku postępowania organ powinien informować strony o możliwości mediacji, jeśli charakter sprawy na to pozwala?",Tak,Nie,Wyłącznie w postępowaniu odwoławczym,Tylko na wniosek mediatora,1,Art. 61 § 5 wiąże wszczęcie z informowaniem o możliwości mediacji w odpowiednich sprawach.
W jakiej formie mogą być wnoszone podania?,Wyłącznie na papierze,"M.in. na piśmie, telegraficznie, za pomocą telefaksu, ustnie do protokołu lub elektronicznie zgodnie z przepisami",Wyłącznie ustnie,Tylko przez pełnomocnika,2,Art. 63 § 1 dopuszcza różne formy wnoszenia podań.
Co powinno co najmniej zawierać podanie?,Wyłącznie podpis,Tylko numer PESEL,"Wskazanie osoby, od której pochodzi, jej adres oraz żądanie",Wyłącznie podstawę prawną,3,Art. 63 § 2 określa minimalne elementy podania.
"Co robi organ, gdy w podaniu nie wskazano adresu wnoszącego i nie można go ustalić?",Wzywa zawsze przez obwieszczenie,Umorza postępowanie decyzją,Przekazuje podanie do policji,Pozostawia podanie bez rozpoznania,4,Art. 64 § 1 przewiduje pozostawienie podania bez rozpoznania.
Jaki termin organ wyznacza na usunięcie innych braków podania?,Nie krótszy niż 7 dni,Dokładnie 3 dni,Nie krótszy niż 14 dni,Zawsze 30 dni,1,Art. 64 § 2 przewiduje termin nie krótszy niż siedem dni.
Jaki skutek ma nieusunięcie braków podania w wyznaczonym terminie?,Automatyczna odmowa decyzją,Pozostawienie podania bez rozpoznania,Przekazanie do organu wyższego stopnia,Uznanie żądania za uwzględnione,2,Art. 64 § 2 przewiduje pozostawienie podania bez rozpoznania.
"Co robi organ niewłaściwy, do którego wniesiono podanie?",Zawsze zwraca podanie,Rozpoznaje sprawę mimo braku właściwości,"Niezwłocznie przekazuje je właściwemu organowi, zawiadamiając wnoszącego",Umorza postępowanie,3,Art. 65 § 1 nakazuje przekazać podanie właściwemu organowi.
Czy podanie wniesione przed upływem terminu do organu niewłaściwego uważa się za wniesione z zachowaniem terminu?,Nie,Tylko gdy chodzi o odwołanie,Wyłącznie jeśli organ właściwy jest w tej samej miejscowości,Tak,4,Art. 65 § 2 chroni termin w takim przypadku.
"Co robi organ, gdy podanie dotyczy kilku spraw podlegających różnym organom?","Rozpoznaje sprawy należące do jego właściwości i zawiadamia wnoszącego, że w pozostałych powinien wnieść odrębne podanie do właściwego organu",Przekazuje całe podanie jednemu organowi,Odrzuca całe podanie,Wybiera organ według uznania,1,Art. 66 § 1 przewiduje rozdzielenie spraw według właściwości.
Czy w aktach sprawy zakłada się metrykę sprawy?,Nie,"Tak, z wyjątkami określonymi w przepisach",Tylko w postępowaniu odwoławczym,Wyłącznie na żądanie strony,2,Art. 66a § 1 przewiduje metrykę sprawy.
"Czy organ sporządza protokół z każdej czynności postępowania mającej istotne znaczenie dla rozstrzygnięcia sprawy, jeśli nie została utrwalona inaczej na piśmie?",Nie,Tylko z rozprawy,Tak,Wyłącznie z przesłuchania świadka,3,Art. 67 § 1 nakazuje zwięzłe protokołowanie istotnych czynności.
Czy z przesłuchania świadka sporządza się protokół?,Nie,Tylko gdy świadek tego zażąda,Wyłącznie w postępowaniu odwoławczym,Tak,4,Art. 67 § 2 wymienia przesłuchanie świadka wśród czynności protokołowanych.
Czy z oględzin i ekspertyz dokonywanych z udziałem przedstawiciela organu sporządza się protokół?,Tak,Nie,Tylko z ekspertyzy,Wyłącznie gdy jest biegły,1,Art. 67 § 2 przewiduje protokół z tych czynności.
Czy protokół powinien być odczytany osobom biorącym udział w czynności przed podpisaniem?,Nie,Tak,Tylko świadkom,Wyłącznie stronie,2,Art. 68 § 2 przewiduje odczytanie protokołu przed podpisaniem.
"Jak utrwala się czynności organu, z których nie sporządza się protokołu, a mają znaczenie dla sprawy?",Nie utrwala się ich,Wyłącznie nagraniem,W drodze adnotacji podpisanej przez pracownika,W osobnej decyzji,3,Art. 72 przewiduje utrwalanie takich czynności w aktach przez adnotację.
Czy strona ma prawo wglądu w akta sprawy?,Nie,Tylko po wydaniu decyzji,Wyłącznie za zgodą innych stron,Tak,4,Art. 73 § 1 przyznaje stronie prawo wglądu w akta.
Czy prawo wglądu w akta przysługuje również po zakończeniu postępowania?,Tak,Nie,Tylko przez rok,Wyłącznie po wniesieniu odwołania,1,"Art. 73 § 1 wskazuje, że prawo to przysługuje także po zakończeniu postępowania."
"Czy strona może sporządzać notatki, kopie lub odpisy akt?",Nie,Tak,Wyłącznie za opłatą w każdym przypadku,Tylko pełnomocnik profesjonalny,2,Art. 73 § 1 przyznaje takie uprawnienia.
"Czy strona może żądać uwierzytelnienia odpisów lub kopii akt, jeśli uzasadnia to ważny interes strony?",Nie,Tylko na polecenie sądu,Tak,Wyłącznie gdy akta są elektroniczne,3,Art. 73 § 2 przewiduje możliwość żądania uwierzytelnionych odpisów lub kopii.
Czy prawo wglądu w akta obejmuje akta zawierające informacje niejawne o klauzuli tajności „tajne” lub „ściśle tajne”?,Tak,Tylko po zgodzie strony przeciwnej,Wyłącznie w postępowaniu odwoławczym,Nie,4,Art. 74 § 1 wyłącza takie akta z prawa wglądu.
W jakiej formie odmawia się stronie umożliwienia wglądu w akta?,W drodze postanowienia,W drodze decyzji,Ustnie bez utrwalenia,W formie zarządzenia,1,Art. 74 § 2 przewiduje postanowienie.
Czy na postanowienie o odmowie wglądu w akta przysługuje zażalenie?,Nie,Tak,Wyłącznie odwołanie,Tylko skarga do sądu,2,Art. 74 § 2 przewiduje zażalenie.
Co może być dowodem w postępowaniu administracyjnym?,Wyłącznie dokument urzędowy,Tylko zeznania świadków,"Wszystko, co może przyczynić się do wyjaśnienia sprawy i nie jest sprzeczne z prawem",Wyłącznie opinia biegłego,3,Art. 75 § 1 przyjmuje otwarty katalog środków dowodowych.
Jakie środki dowodowe KPA wymienia przykładowo?,Wyłącznie dokumenty i świadków,Tylko nagrania i fotografie,Wyłącznie dokumenty urzędowe,"Dokumenty, zeznania świadków, opinie biegłych oraz oględziny",4,Art. 75 § 1 wymienia te środki jako przykłady.
"Czy organ może odebrać od strony oświadczenie pod rygorem odpowiedzialności za fałszywe zeznania, gdy przepis nie wymaga urzędowego potwierdzenia faktów?","Tak, jeżeli strona wnosi o to",Nie,Wyłącznie za zgodą prokuratora,Tylko w postępowaniu odwoławczym,1,Art. 75 § 2 dopuszcza oświadczenie strony pod rygorem odpowiedzialności za fałszywe zeznania.
Jaką moc dowodową mają dokumenty urzędowe sporządzone w przepisanej formie przez powołane do tego organy?,Nie mają szczególnej mocy,"Stanowią dowód tego, co zostało w nich urzędowo stwierdzone",Są zawsze niepodważalne,Wymagają potwierdzenia przez dwóch świadków,2,Art. 76 § 1 określa moc dowodową dokumentów urzędowych.
Czy przeciwko treści dokumentu urzędowego można przeprowadzić dowód?,Nie,Tylko w sądzie powszechnym,Tak,"Wyłącznie za zgodą organu, który go wydał",3,Art. 76 § 3 dopuszcza dowód przeciwko treści dokumentu urzędowego.
Kto jest obowiązany w sposób wyczerpujący zebrać i rozpatrzyć cały materiał dowodowy?,Wyłącznie strona,Tylko biegły,Organ odwoławczy dopiero po odwołaniu,Organ administracji publicznej,4,Art. 77 § 1 nakłada ten obowiązek na organ.
"Czy organ może w każdym czasie zmienić, uzupełnić lub uchylić postanowienie dotyczące przeprowadzenia dowodu?",Tak,Nie,Tylko za zgodą strony,Wyłącznie przed pierwszą rozprawą,1,Art. 77 § 2 dopuszcza zmianę postanowienia dowodowego.
Czy organ może pominąć żądanie dowodowe strony dotyczące okoliczności już stwierdzonej innymi dowodami?,Nie nigdy,"Tak, jeśli żądanie dotyczy okoliczności już stwierdzonej zgodnie z twierdzeniem strony",Tak zawsze bez uzasadnienia,Tylko za zgodą strony przeciwnej,2,Art. 78 § 2 pozwala nie uwzględnić takiego żądania.
"Czy strona powinna być zawiadomiona o miejscu i terminie przeprowadzenia dowodu ze świadków, biegłych lub oględzin?","Tak, co najmniej 3 dni przed terminem",Nie,"Tak, co najmniej 7 dni przed terminem",Tylko na jej wniosek,3,Art. 79 § 1 przewiduje co najmniej siedmiodniowe wyprzedzenie.
Czy strona ma prawo brać udział w przeprowadzaniu dowodu?,Nie,Tylko przez pełnomocnika,Wyłącznie przy oględzinach,Tak,4,Art. 79 § 2 przyznaje stronie prawo udziału w przeprowadzaniu dowodu.
"Czy strona może zadawać pytania świadkom, biegłym i innym stronom oraz składać wyjaśnienia?",Tak,Nie,Tylko za zgodą organu odwoławczego,Wyłącznie w postępowaniu sądowym,1,Art. 79 § 2 przewiduje takie uprawnienia strony.
"Kiedy organ przed wydaniem decyzji wskazuje stronie zależne od niej niespełnione przesłanki, które mogą skutkować decyzją niezgodną z jej żądaniem?",Zawsze w każdej sprawie,Gdy postępowanie zostało wszczęte na żądanie strony i spełnione są warunki art. 79a,Nigdy,Wyłącznie po wniesieniu odwołania,2,Art. 79a służy umożliwieniu stronie uzupełnienia brakujących przesłanek przed decyzją.
"Jak organ ocenia, czy dana okoliczność została udowodniona?",Wyłącznie na podstawie dokumentów,Według stanowiska strony,Na podstawie całokształtu materiału dowodowego,Na podstawie opinii organu wyższego stopnia,3,Art. 80 ustanawia zasadę swobodnej oceny dowodów.
Czy fakt powszechnie znany wymaga dowodu?,Tak zawsze,Tylko gdy kwestionuje go strona,Wyłącznie w postępowaniu odwoławczym,Nie,4,"Art. 77 § 4 stanowi, że fakty powszechnie znane nie wymagają dowodu."
Czy fakty znane organowi z urzędu wymagają zakomunikowania stronie?,Tak,Nie,Tylko jeśli są niekorzystne dla strony,Wyłącznie na rozprawie,1,Art. 77 § 4 nakazuje zakomunikować stronie fakty znane organowi z urzędu.
Kto co do zasady nie może być świadkiem?,Każdy członek rodziny strony,Osoby niezdolne do spostrzegania lub komunikowania swych spostrzeżeń,Każdy pracownik urzędu,Osoba pełnoletnia,2,Art. 82 pkt 1 wyłącza osoby niezdolne do spostrzegania lub komunikowania spostrzeżeń.
Czy duchowny może być świadkiem co do faktów objętych tajemnicą spowiedzi?,Tak,Tylko za zgodą strony,Nie,Wyłącznie przed organem odwoławczym,3,Art. 82 pkt 3 wyłącza duchownych co do faktów objętych tajemnicą spowiedzi.
"Czy świadek może odmówić zeznań, jeżeli stroną jest jego małżonek?",Nie,Tylko po rozwodzie,Wyłącznie za zgodą organu,Tak,4,Art. 83 § 1 przyznaje prawo odmowy zeznań m.in. małżonkowi strony.
Czy prawo odmowy zeznań trwa po ustaniu małżeństwa?,Tak,Nie,Tylko przez rok,Wyłącznie do wydania decyzji,1,"Art. 83 § 1 stanowi, że prawo odmowy zeznań trwa także po ustaniu małżeństwa."
Kiedy świadek może odmówić odpowiedzi na pytanie?,Zawsze,"Gdy odpowiedź mogłaby narazić jego lub bliskich na odpowiedzialność karną, hańbę lub bezpośrednią szkodę majątkową albo naruszyć chronioną tajemnicę zawodową",Tylko gdy pytanie jest niewygodne,Wyłącznie gdy ma pełnomocnika,2,Art. 83 § 2 określa przypadki odmowy odpowiedzi.
Czy przed odebraniem zeznania organ uprzedza świadka o prawie odmowy i odpowiedzialności za fałszywe zeznania?,Nie,Tylko na wniosek świadka,Tak,Wyłącznie w sprawach karnych,3,Art. 83 § 3 przewiduje takie uprzedzenie.
Kiedy organ może powołać biegłego?,Zawsze,Tylko na żądanie strony,Wyłącznie w sprawach budowlanych,Gdy w sprawie wymagane są wiadomości specjalne,4,"Art. 84 § 1 pozwala zasięgnąć opinii biegłego, gdy potrzebne są wiadomości specjalne."
Czy do biegłego stosuje się przepisy dotyczące wyłączenia pracownika?,"Tak, odpowiednio",Nie,Tylko w postępowaniu odwoławczym,Wyłącznie gdy biegły jest pracownikiem urzędu,1,Art. 84 § 2 odsyła odpowiednio do przepisów o wyłączeniu.
Kiedy organ może przeprowadzić oględziny?,Nigdy,Gdy zachodzi potrzeba bezpośredniego zbadania przedmiotu,Tylko na wniosek strony,Wyłącznie w sprawach nieruchomości,2,"Art. 85 przewiduje oględziny, gdy są potrzebne dla wyjaśnienia sprawy."
Czy strona może być przesłuchana jako dowód?,Nie,Zawsze jako pierwszy dowód,"Tak, gdy po wyczerpaniu innych środków dowodowych pozostały niewyjaśnione fakty istotne dla sprawy",Wyłącznie w postępowaniu uproszczonym,3,Art. 86 dopuszcza przesłuchanie strony pomocniczo po wyczerpaniu innych środków.
"Czy osoba obowiązana do okazania przedmiotu oględzin, która bez uzasadnienia odmawia, może zostać ukarana grzywną?",Nie,Tylko gdy jest świadkiem,Wyłącznie przez sąd,Tak,4,Art. 88 przewiduje grzywnę za nieuzasadnioną odmowę udziału w czynności lub okazania przedmiotu.
Kiedy organ przeprowadza rozprawę administracyjną?,"Gdy zapewni to przyspieszenie lub uproszczenie postępowania, osiągnięcie celu wychowawczego albo gdy wymaga tego przepis prawa",Zawsze w każdej sprawie,Tylko na wniosek strony,Wyłącznie w postępowaniu odwoławczym,1,Art. 89 § 1 wskazuje przesłanki przeprowadzenia rozprawy.
"Czy rozprawę należy przeprowadzić, gdy zachodzi potrzeba uzgodnienia interesów stron lub wyjaśnienia sprawy przy udziale świadków, biegłych albo w drodze oględzin?",Nie,Tak,Tylko jeśli strony są co najmniej trzy,Wyłącznie na żądanie biegłego,2,Art. 89 § 2 przewiduje rozprawę w takich sytuacjach.
Kto kieruje rozprawą?,Zawsze kierownik organu,Najstarsza strona,Wyznaczony do przeprowadzenia rozprawy pracownik organu,Biegły,3,Art. 93 przewiduje kierowanie rozprawą przez wyznaczonego pracownika.
Czy nieobecność prawidłowo wezwanej strony na rozprawie zawsze uniemożliwia jej przeprowadzenie?,Tak,Tylko gdy strona ma pełnomocnika,Wyłącznie w sprawach wszczętych z urzędu,Nie,4,Art. 94 przewiduje możliwość przeprowadzenia rozprawy mimo nieobecności prawidłowo wezwanych osób.
"Czy kierujący rozprawą może uchylić pytanie zadane świadkowi, jeśli nie ma ono istotnego znaczenia dla sprawy?",Tak,Nie,Tylko za zgodą strony przeciwnej,Wyłącznie na wniosek biegłego,1,Art. 95 pozwala uchylać pytania niemające istotnego znaczenia dla sprawy.
Czy za niewłaściwe zachowanie podczas rozprawy można nałożyć grzywnę?,Nie,Tak,Wyłącznie na świadka,Tylko przez sąd,2,Art. 96 przewiduje grzywnę za niewłaściwe zachowanie podczas rozprawy.
Kiedy w toku postępowania może być przeprowadzona mediacja?,Zawsze obowiązkowo,Tylko w postępowaniu odwoławczym,Jeżeli pozwala na to charakter sprawy,Wyłącznie w sprawach podatkowych,3,"Art. 96a § 1 dopuszcza mediację, gdy pozwala na to charakter sprawy."
Czy mediacja jest dobrowolna?,Nie,Tylko dla organu,Wyłącznie dla strony wnioskującej,Tak,4,Art. 96a § 2 ustanawia dobrowolność mediacji.
Kto może uczestniczyć w mediacji?,Organ prowadzący postępowanie i strona albo strony postępowania,Wyłącznie strony bez organu,Tylko mediator i organ,Wyłącznie organizacja społeczna,1,Art. 96a określa możliwych uczestników mediacji.
Jaki jest cel mediacji?,Zastąpienie postępowania sądowego,Wyjaśnienie i rozważenie okoliczności faktycznych i prawnych oraz dokonanie ustaleń co do załatwienia sprawy w granicach prawa,Ustalenie winy karnej,Wyłącznie obniżenie kosztów,2,Art. 96a § 3 określa cel mediacji.
Czy mediator powinien być bezstronny?,Nie,Tylko gdy wskazał go organ,Tak,Wyłącznie w mediacji między stronami,3,Art. 96g wymaga bezstronności mediatora.
Czy mediatorem może być pracownik organu prowadzącego postępowanie?,Tak zawsze,Tylko kierownik organu,"Tak, jeśli strony wyrażą zgodę",Nie,4,Art. 96f wyłącza pracownika organu prowadzącego postępowanie z roli mediatora.
Czy mediacja jest jawna?,Nie,Tak,Tylko dla innych stron,Wyłącznie w postępowaniu odwoławczym,1,Art. 96j ustanawia niejawność mediacji.
Czy uczestnicy mediacji mogą co do zasady wykorzystywać informacje poznane podczas mediacji poza nią?,Tak zawsze,"Nie, chyba że uczestnicy postanowią inaczej",Tylko organ może,Wyłącznie za zgodą sądu,2,Art. 96j chroni poufność informacji z mediacji.
Kto sporządza protokół z przebiegu mediacji?,Organ prowadzący postępowanie,Strona wnioskująca,Mediator,Biegły,3,Art. 96m powierza sporządzenie protokołu mediatorowi.
Czy ustalenia zawarte w protokole mediacji są dla organu wiążące bezwarunkowo?,Tak zawsze,"Tak, nawet gdy są sprzeczne z prawem",Tylko gdy zatwierdzi je sąd,"Nie, organ załatwia sprawę zgodnie z ustaleniami tylko w granicach obowiązującego prawa",4,Art. 96n wiąże wykorzystanie ustaleń mediacji z ich zgodnością z prawem.
Czy śmierć strony może prowadzić do obligatoryjnego zawieszenia postępowania?,"Tak, gdy wezwanie spadkobierców nie jest możliwe i postępowanie nie podlega umorzeniu jako bezprzedmiotowe",Nie,Zawsze do końca roku,Wyłącznie na wniosek organu wyższego stopnia,1,Art. 97 § 1 przewiduje zawieszenie w ustawowych przypadkach związanych m.in. ze śmiercią strony.
"Czy organ zawiesza postępowanie, gdy rozstrzygnięcie sprawy zależy od uprzedniego rozstrzygnięcia zagadnienia wstępnego przez inny organ lub sąd?",Nie,Tak,Tylko na wniosek strony,Wyłącznie w postępowaniu odwoławczym,2,Art. 97 § 1 pkt 4 przewiduje obligatoryjne zawieszenie w razie zagadnienia wstępnego.
"Czy organ może zawiesić postępowanie na wniosek strony, na której żądanie zostało wszczęte?",Nie,Tak bez żadnych warunków,"Tak, jeśli nie sprzeciwiają się temu inne strony i nie zagraża to interesowi społecznemu",Wyłącznie na okres 30 dni,3,Art. 98 § 1 przewiduje fakultatywne zawieszenie na wniosek strony.
"Co może się stać, jeśli w ciągu 3 lat od zawieszenia na wniosek strony żadna ze stron nie zażąda podjęcia postępowania?",Postępowanie automatycznie kończy się decyzją pozytywną,Organ musi podjąć je z urzędu,Termin nie ma żadnego znaczenia,Żądanie wszczęcia postępowania uważa się za wycofane,4,Art. 98 § 2 przewiduje skutek wycofania żądania po 3 latach.
Czy w czasie zawieszenia organ może podejmować czynności niezbędne dla zapobieżenia niebezpieczeństwu dla życia lub zdrowia albo poważnym szkodom dla interesu społecznego?,Tak,Nie,Tylko za zgodą strony,Wyłącznie po zgodzie organu wyższego stopnia,1,Art. 102 pozwala na niezbędne czynności ochronne mimo zawieszenia.
W jakiej formie organ rozstrzyga o zawieszeniu lub odmowie podjęcia zawieszonego postępowania?,W drodze decyzji,W drodze postanowienia,W formie zarządzenia,Ustnie,2,Art. 101 przewiduje postanowienie.
Czy na postanowienie w sprawie zawieszenia postępowania lub odmowy jego podjęcia przysługuje zażalenie?,Nie,Tylko skarga do sądu,Tak,Wyłącznie odwołanie,3,Art. 101 § 3 przewiduje zażalenie w ustawowym zakresie.
W jakiej formie organ co do zasady załatwia sprawę administracyjną?,Przez uchwałę,Przez zarządzenie,Wyłącznie przez postanowienie,Przez wydanie decyzji,4,"Art. 104 § 1 stanowi, że organ załatwia sprawę przez decyzję, chyba że kodeks stanowi inaczej."
Co rozstrzyga decyzja administracyjna?,Sprawę co do istoty w całości lub części albo w inny sposób kończy sprawę w danej instancji,Wyłącznie kwestie dowodowe,Tylko terminy procesowe,Wyłącznie koszty,1,Art. 104 § 2 określa funkcję decyzji.
Kiedy organ wydaje decyzję o umorzeniu postępowania?,Zawsze na wniosek strony,Gdy postępowanie stało się bezprzedmiotowe w całości lub części,Po każdej negatywnej opinii,Gdy sprawa jest skomplikowana,2,Art. 105 § 1 przewiduje umorzenie z powodu bezprzedmiotowości.
"Czy organ może umorzyć postępowanie na żądanie strony, która je wszczęła?",Nie,Tak zawsze,"Tak, jeśli inne strony się nie sprzeciwiają i nie jest to sprzeczne z interesem społecznym",Wyłącznie po zgodzie organu wyższego stopnia,3,Art. 105 § 2 przewiduje fakultatywne umorzenie na żądanie strony pod wskazanymi warunkami.
W jakim terminie organ współdziałający powinien co do zasady zająć stanowisko przed wydaniem decyzji?,W ciągu 7 dni,W ciągu miesiąca,W ciągu dwóch miesięcy,Nie później niż w ciągu 2 tygodni,4,"Art. 106 § 3 przewiduje termin dwóch tygodni, chyba że przepis prawa stanowi inaczej."
Czy na postanowienie innego organu wyrażające opinię lub zgodę wymaganą przed wydaniem decyzji (art. 106) przysługuje zażalenie?,Tak,Nie,Wyłącznie odwołanie,Tylko skarga do sądu,1,Art. 106 § 5 przewiduje zażalenie.
Czy decyzja powinna zawierać oznaczenie organu i strony?,Nie,Tak,Tylko oznaczenie organu,Wyłącznie oznaczenie strony,2,Art. 107 § 1 wymienia oznaczenie organu i strony wśród elementów decyzji.
Czy decyzja powinna zawierać podstawę prawną i rozstrzygnięcie?,Nie,Tylko rozstrzygnięcie,Tak,Podstawa prawna jest fakultatywna,3,Art. 107 § 1 wymaga powołania podstawy prawnej oraz rozstrzygnięcia.
Czy decyzja co do zasady powinna zawierać uzasadnienie faktyczne i prawne?,Nie,Wyłącznie decyzja odmowna,Tylko decyzja organu odwoławczego,Tak,4,Art. 107 § 1 pkt 6 ustanawia zasadę uzasadnienia faktycznego i prawnego.
Kiedy organ może odstąpić od uzasadnienia decyzji?,"Gdy decyzja w całości uwzględnia żądanie strony, z wyjątkami wskazanymi w KPA",Zawsze,Nigdy,Wyłącznie w decyzji odwoławczej,1,"Art. 107 § 4 dopuszcza odstąpienie od uzasadnienia przy pełnym uwzględnieniu żądania, z wyjątkami."
Czy decyzja powinna zawierać pouczenie o odwołaniu i prawie zrzeczenia się odwołania?,Nie,Tak,Tylko decyzja odmowna,Wyłącznie decyzja organu samorządowego,2,Art. 107 § 1 pkt 7 wymaga odpowiedniego pouczenia.
Kiedy decyzji nieostatecznej można nadać rygor natychmiastowej wykonalności?,Wyłącznie gdy strona wniesie odwołanie,Zawsze z urzędu,M.in. gdy jest to niezbędne dla ochrony zdrowia lub życia albo ze względu na inny interes społeczny lub wyjątkowo ważny interes strony,Tylko w sprawach podatkowych,3,Art. 108 § 1 określa przesłanki rygoru natychmiastowej wykonalności.
Czy rygor natychmiastowej wykonalności może zostać nadany po wydaniu decyzji?,Nie,Tylko w nowej decyzji,Wyłącznie przez organ odwoławczy,"Tak, w drodze postanowienia",4,Art. 108 § 2 dopuszcza nadanie rygoru po wydaniu decyzji w drodze postanowienia.
Czy na postanowienie nadające rygor natychmiastowej wykonalności po wydaniu decyzji przysługuje zażalenie?,Tak,Nie,Tylko odwołanie,Wyłącznie skarga do sądu,1,Art. 108 § 2 przewiduje zażalenie.
"Od jakiego momentu organ, który wydał decyzję, jest nią związany?",Od chwili podpisania,Od chwili jej doręczenia lub ogłoszenia,Od upływu terminu odwołania,Od dnia wszczęcia postępowania,2,Art. 110 § 1 określa moment związania organu decyzją.
W jakim terminie strona może żądać uzupełnienia decyzji co do rozstrzygnięcia lub pouczenia?,W ciągu 7 dni,W ciągu miesiąca,W ciągu 14 dni od doręczenia lub ogłoszenia decyzji,W ciągu 3 dni,3,Art. 111 § 1 przewiduje termin 14 dni.
Czy organ może z urzędu uzupełnić lub sprostować decyzję w zakresie pouczenia lub rozstrzygnięcia?,Nie,Tak bez ograniczenia czasu,Wyłącznie na polecenie sądu,"Tak, w terminie 14 dni od doręczenia lub ogłoszenia decyzji",4,Art. 111 § 1a dopuszcza uzupełnienie lub sprostowanie z urzędu w terminie 14 dni.
Jaki skutek ma błędne pouczenie co do prawa odwołania lub skargi?,"Nie może szkodzić stronie, która się do niego zastosowała",Powoduje nieważność decyzji,Pozbawia stronę prawa odwołania,Nie ma żadnego znaczenia,1,"Art. 112 chroni stronę, która zastosowała się do błędnego pouczenia."
W jakiej formie organ prostuje błędy pisarskie i rachunkowe w decyzji?,W drodze nowej decyzji,W drodze postanowienia,W formie uchwały,Ustnie,2,Art. 113 § 1 przewiduje postanowienie.
Czy na postanowienie w sprawie sprostowania błędów lub wyjaśnienia treści decyzji przysługuje zażalenie?,Nie,Wyłącznie odwołanie,Tak,Tylko skarga do sądu,3,Art. 113 § 3 przewiduje zażalenie.
Kiedy strony mogą zawrzeć ugodę administracyjną?,Zawsze,Tylko w postępowaniu odwoławczym,Wyłącznie przed sądem,Gdy charakter sprawy na to pozwala i przepisy szczególne się temu nie sprzeciwiają,4,Art. 114 dopuszcza ugodę przy spełnieniu tych warunków.
Do kiedy można zawrzeć ugodę przed organem administracji?,Do czasu wydania przez organ decyzji w sprawie,Tylko przed wszczęciem postępowania,Wyłącznie po decyzji,Do upływu terminu odwołania,1,Art. 115 pozwala zawrzeć ugodę w pierwszej instancji lub odwoławczej do czasu wydania decyzji.
"Czy ugoda wymaga zatwierdzenia przez organ, przed którym została zawarta?",Nie,Tak,Tylko gdy dotyczy nieruchomości,Wyłącznie w postępowaniu odwoławczym,2,Art. 118 § 1 wymaga zatwierdzenia ugody.
Kiedy organ odmawia zatwierdzenia ugody?,Tylko gdy jedna strona zmieni zdanie,Wyłącznie gdy organ odwoławczy się nie zgadza,"M.in. gdy jest sprzeczna z prawem, narusza interes społeczny lub słuszny interes stron",Nigdy,3,Art. 118 § 3 określa przesłanki odmowy zatwierdzenia.
W jakim terminie powinno zostać wydane postanowienie o zatwierdzeniu lub odmowie zatwierdzenia ugody?,W ciągu 14 dni,W ciągu miesiąca,Nie ma terminu,W ciągu 7 dni od dnia zawarcia ugody,4,Art. 119 § 1 przewiduje termin siedmiu dni.
Jaki skutek wywołuje zatwierdzona ugoda?,Taki sam jak decyzja wydana w toku postępowania administracyjnego,Nie wywołuje skutków prawnych,Taki jak opinia biegłego,Wyłącznie skutek cywilnoprawny,1,Art. 121 zrównuje skutki zatwierdzonej ugody ze skutkami decyzji.
Kiedy sprawa może być załatwiona milcząco?,Zawsze na żądanie strony,Gdy przepis szczególny tak stanowi,Tylko w gminie,Wyłącznie po 30 dniach bezczynności,2,Art. 122a § 1 wymaga podstawy w przepisie szczególnym.
"Jaki jest podstawowy termin milczącego załatwienia sprawy, jeśli przepis szczególny nie określa innego?",7 dni,14 dni,Miesiąc od doręczenia żądania właściwemu organowi,2 miesiące,3,Art. 122a § 2 wskazuje co do zasady termin miesiąca.
Co oznacza milczące zakończenie postępowania?,Brak odpowiedzi strony,Brak odwołania,Brak opinii biegłego,Brak wydania decyzji lub postanowienia kończącego postępowanie w ustawowym terminie,4,Art. 122a § 2 pkt 1 definiuje milczące zakończenie postępowania.
Co oznacza milcząca zgoda?,Brak wniesienia sprzeciwu w drodze decyzji w ustawowym terminie,Brak odwołania strony,Brak wniosku o mediację,Brak uzasadnienia decyzji,1,Art. 122a § 2 pkt 2 definiuje milczącą zgodę.
Kiedy następuje milczące załatwienie sprawy?,W ostatnim dniu terminu,W dniu następującym po upływie terminu do wydania rozstrzygnięcia lub wniesienia sprzeciwu,Po 14 dniach od terminu,W dniu wszczęcia,2,Art. 122c § 1 określa moment milczącego załatwienia.
Czy zawieszenie postępowania wstrzymuje bieg terminu do milczącego załatwienia sprawy?,Nie,Tylko na wniosek strony,Tak,Wyłącznie w postępowaniu odwoławczym,3,Art. 122d § 2 przewiduje wstrzymanie biegu terminu.
Czy do spraw załatwianych milcząco stosuje się art. 10 KPA o czynnym udziale strony?,Tak,Tylko w pierwszej instancji,Wyłącznie przy wielu stronach,Nie,4,Art. 122d § 1 wyłącza stosowanie art. 10.
Co organ zamieszcza w aktach po milczącym załatwieniu sprawy?,Adnotację wskazującą treść rozstrzygnięcia i podstawę prawną,Nową decyzję,Wyłącznie notatkę służbową bez podstawy prawnej,Postanowienie o umorzeniu,1,Art. 122e wymaga adnotacji w aktach.
Czy strona może żądać zaświadczenia o milczącym załatwieniu sprawy?,Nie,Tak,Tylko po roku,Wyłącznie od organu wyższego stopnia,2,Art. 122f § 1 przewiduje wydanie takiego zaświadczenia na wniosek strony.
Czy na odmowę wydania zaświadczenia o milczącym załatwieniu sprawy przysługuje zażalenie?,Nie,Tylko odwołanie,Tak,Wyłącznie skarga kasacyjna,3,Art. 122f § 2 przewiduje zażalenie.
Czego co do zasady dotyczą postanowienia wydawane w toku postępowania?,Zawsze istoty sprawy,Wyłącznie kosztów,Tylko odwołań,"Poszczególnych kwestii wynikających w toku postępowania, bez rozstrzygania istoty sprawy",4,Art. 123 § 2 określa typowy przedmiot postanowień.
Czy postanowienie powinno zawierać podstawę prawną i treść rozstrzygnięcia?,Tak,Nie,Tylko podstawę prawną,Wyłącznie treść rozstrzygnięcia,1,Art. 124 § 1 wymienia oba elementy.
Kiedy postanowienie powinno zawierać uzasadnienie faktyczne i prawne?,Nigdy,M.in. gdy służy na nie zażalenie lub skarga do sądu administracyjnego albo służy od niego sprzeciw,Zawsze bez wyjątków,Tylko na żądanie strony,2,Art. 124 § 2 określa przypadki obowiązkowego uzasadnienia.
Ile instancji odwoławczych przysługuje od decyzji wydanej w pierwszej instancji?,Dwie,Trzy,Jedna,Nie ma ograniczenia,3,"Art. 127 § 1 stanowi, że odwołanie służy tylko do jednej instancji."
Jaki organ co do zasady rozpatruje odwołanie?,"Organ, który wydał decyzję",Sąd powszechny,Prokurator,Organ wyższego stopnia,4,"Art. 127 § 2 wskazuje organ wyższego stopnia, chyba że ustawa stanowi inaczej."
Czy od decyzji ministra wydanej w pierwszej instancji służy zwykłe odwołanie?,"Nie, ale można złożyć wniosek o ponowne rozpatrzenie sprawy",Tak,Nie i nie ma żadnego środka,Tylko zażalenie,1,Art. 127 § 3 przewiduje wniosek o ponowne rozpatrzenie zamiast odwołania.
Czy strona może zrzec się prawa do wniesienia odwołania?,Nie,"Tak, przed upływem terminu do jego wniesienia",Tylko po upływie terminu,Wyłącznie przed sądem,2,Art. 127a § 1 dopuszcza zrzeczenie się prawa do odwołania.
Kiedy decyzja staje się ostateczna i prawomocna po zrzeczeniu się odwołania przez wszystkie strony?,Po 14 dniach,Po 30 dniach,Z dniem doręczenia organowi oświadczenia ostatniej ze stron,W dniu wydania decyzji,3,Art. 127a § 2 określa ten moment.
Czy odwołanie wymaga szczegółowego uzasadnienia?,Tak zawsze,Tylko przy decyzji odmownej,Wyłącznie przy odwołaniu do SKO,"Nie, wystarczy że wynika z niego niezadowolenie strony z decyzji",4,Art. 128 przewiduje uproszczoną treść odwołania.
Za czyim pośrednictwem wnosi się odwołanie?,"Za pośrednictwem organu, który wydał decyzję",Bezpośrednio do sądu,Za pośrednictwem wojewody,Przez prokuratora,1,Art. 129 § 1 ustanawia pośrednictwo organu pierwszej instancji.
Jaki jest zasadniczy termin do wniesienia odwołania?,7 dni,14 dni od doręczenia decyzji albo jej ustnego ogłoszenia,30 dni,Miesiąc,2,Art. 129 § 2 przewiduje termin 14 dni.
Czy przed upływem terminu do odwołania decyzja co do zasady podlega wykonaniu?,Tak zawsze,Tylko decyzja odmowna,Nie,Wyłącznie decyzja organu gminy,3,Art. 130 § 1 ustanawia zasadę niewykonywania decyzji przed upływem terminu odwoławczego.
Jaki skutek ma wniesienie odwołania w terminie?,Powoduje nieważność decyzji,Umarza postępowanie,Nie ma wpływu na wykonanie,Wstrzymuje wykonanie decyzji,4,Art. 130 § 2 przewiduje skutek wstrzymujący.
Czy decyzja z rygorem natychmiastowej wykonalności podlega wykonaniu mimo odwołania?,Tak,Nie,Tylko po zgodzie strony,Wyłącznie po 7 dniach,1,Art. 130 § 3 wyłącza skutek wstrzymujący przy rygorze natychmiastowej wykonalności.
Czy organ pierwszej instancji może sam uwzględnić odwołanie w całości i wydać nową decyzję?,Nie,"Tak, w przypadkach określonych w art. 132",Tylko organ odwoławczy,Wyłącznie za zgodą sądu,2,Art. 132 przewiduje tzw. autokontrolę organu pierwszej instancji.
"W jakim terminie organ pierwszej instancji przesyła odwołanie wraz z aktami organowi odwoławczemu, jeśli nie skorzysta z autokontroli?",W ciągu 14 dni,W ciągu miesiąca,W ciągu 7 dni od otrzymania odwołania,"Niezwłocznie, bez terminu maksymalnego",3,Art. 133 przewiduje termin siedmiu dni.
W jakiej formie organ odwoławczy stwierdza niedopuszczalność odwołania lub uchybienie terminowi?,W drodze decyzji,W formie zarządzenia,Ustnie,W drodze postanowienia,4,Art. 134 przewiduje postanowienie.
Czy postanowienie stwierdzające niedopuszczalność odwołania lub uchybienie terminowi jest ostateczne?,Tak,Nie,Tylko w sprawach samorządowych,Wyłącznie po 14 dniach,1,"Art. 134 stanowi, że takie postanowienie jest ostateczne."
Czy strona może cofnąć odwołanie przed wydaniem decyzji przez organ odwoławczy?,Nie,Tak,Tylko w ciągu 7 dni,Wyłącznie za zgodą organu pierwszej instancji,2,Art. 137 dopuszcza cofnięcie odwołania.
Kiedy organ odwoławczy nie uwzględni cofnięcia odwołania?,Zawsze,Nigdy,Gdy prowadziłoby to do utrzymania decyzji naruszającej prawo lub interes społeczny,Tylko gdy strona nie podała przyczyny,3,Art. 137 wskazuje ograniczenie dopuszczalności cofnięcia.
Czy organ odwoławczy może utrzymać zaskarżoną decyzję w mocy?,Nie,Tylko sąd może,Wyłącznie po zgodzie strony,Tak,4,Art. 138 § 1 pkt 1 przewiduje takie rozstrzygnięcie.
Czy organ odwoławczy może uchylić decyzję i przekazać sprawę do ponownego rozpatrzenia?,"Tak, gdy naruszono przepisy postępowania, a konieczny zakres wyjaśnienia ma istotny wpływ na rozstrzygnięcie",Nie,Zawsze,Tylko na wniosek organu pierwszej instancji,1,Art. 138 § 2 określa przesłanki decyzji kasacyjnej.
Czy organ odwoławczy może wydać decyzję na niekorzyść strony odwołującej się?,Tak zawsze,"Co do zasady nie, chyba że decyzja rażąco narusza prawo lub interes społeczny",Nigdy bez wyjątku,Tylko gdy odwołanie jest nieuzasadnione,2,Art. 139 ustanawia zakaz reformationis in peius z wyjątkami.
Kiedy na postanowienie służy zażalenie?,Zawsze,Nigdy,Gdy KPA tak stanowi,Wyłącznie gdy postanowienie kończy postępowanie,3,Art. 141 § 1 przewiduje zażalenie tylko w przypadkach wskazanych w kodeksie.
Jaki jest termin do wniesienia zażalenia?,14 dni,30 dni,3 dni,7 dni od doręczenia lub ogłoszenia postanowienia,4,Art. 141 § 2 przewiduje termin siedmiu dni.
Czy wniesienie zażalenia co do zasady wstrzymuje wykonanie postanowienia?,Nie,Tak zawsze,Tylko gdy wnosi je strona,Wyłącznie w postępowaniu odwoławczym,1,"Art. 143 stanowi, że zażalenie co do zasady nie wstrzymuje wykonania postanowienia."
"Czy fałszywość dowodów, na których oparto istotne ustalenia, może być podstawą wznowienia postępowania zakończonego decyzją ostateczną?",Nie,Tak,Tylko gdy strona wyrazi zgodę,Wyłącznie po wniesieniu skargi do sądu,2,Art. 145 § 1 pkt 1 wskazuje fałszywość dowodów jako podstawę wznowienia.
Czy wydanie decyzji w wyniku przestępstwa może być podstawą wznowienia?,Nie,Tylko przy przestępstwie skarbowym,Tak,Wyłącznie na wniosek prokuratora,3,Art. 145 § 1 pkt 2 przewiduje taką podstawę.
Czy brak udziału strony w postępowaniu bez jej winy może uzasadniać wznowienie?,Nie,Tylko gdy decyzja była odmowna,Wyłącznie w postępowaniu odwoławczym,Tak,4,Art. 145 § 1 pkt 4 wskazuje tę przesłankę.
"Czy ujawnienie nowych istotnych okoliczności lub dowodów istniejących w dniu decyzji, lecz nieznanych organowi, może uzasadniać wznowienie?",Tak,Nie,Tylko gdy powstały po wydaniu decyzji,Wyłącznie gdy chodzi o dokument urzędowy,1,Art. 145 § 1 pkt 5 przewiduje tę przesłankę.
Jaki termin ogranicza uchylenie decyzji po wznowieniu z powodu fałszywych dowodów lub przestępstwa?,5 lat,10 lat od doręczenia lub ogłoszenia decyzji,3 lata,30 lat,2,Art. 146 § 1 przewiduje dziesięcioletni termin dla podstaw z art. 145 § 1 pkt 1 i 2.
Jaki termin ogranicza uchylenie decyzji z większości pozostałych podstaw wznowienia?,10 lat,2 lata,5 lat od doręczenia lub ogłoszenia decyzji,30 lat,3,Art. 146 § 1 przewiduje pięcioletni termin dla podstaw wskazanych w tym przepisie.
W jakim terminie co do zasady wnosi się podanie o wznowienie postępowania?,W ciągu 7 dni,W ciągu 14 dni,W ciągu 3 miesięcy,"W ciągu miesiąca od dnia, w którym strona dowiedziała się o podstawie wznowienia",4,Art. 148 § 1 przewiduje termin jednego miesiąca.
Do jakiego organu wnosi się podanie o wznowienie postępowania?,"Do organu, który wydał decyzję w pierwszej instancji",Do sądu administracyjnego,Do organu wyższego stopnia bezpośrednio,Do prokuratora,1,Art. 148 § 1 wskazuje organ pierwszej instancji jako adresata podania.
W jakiej formie następuje wznowienie postępowania?,W drodze decyzji,W drodze postanowienia,W formie zarządzenia,W formie uchwały,2,Art. 149 § 1 przewiduje postanowienie o wznowieniu.
Czy na postanowienie o odmowie wznowienia przysługuje zażalenie?,Nie,Wyłącznie odwołanie,Tak,Tylko skarga kasacyjna,3,Art. 149 § 4 przewiduje zażalenie.
"Czy decyzja ostateczna, na mocy której żadna ze stron nie nabyła prawa, może być uchylona lub zmieniona ze względu na interes społeczny lub słuszny interes strony?",Nie,Wyłącznie przez sąd,Tylko za zgodą wszystkich stron,Tak,4,Art. 154 § 1 przewiduje taką możliwość.
"Czy decyzja ostateczna, na mocy której strona nabyła prawo, może być zmieniona bez jej zgody na podstawie art. 155?",Nie,Tak zawsze,Tylko przez wojewodę,Tak po 5 latach,1,"Art. 155 wymaga zgody strony na uchylenie lub zmianę decyzji, na mocy której nabyła prawo."
Czy wydanie decyzji z naruszeniem przepisów o właściwości jest przesłanką stwierdzenia nieważności?,Nie,Tak,Tylko gdy naruszenie było umyślne,Wyłącznie po wyroku sądu,2,Art. 156 § 1 pkt 1 przewiduje tę wadę.
Czy decyzja wydana bez podstawy prawnej lub z rażącym naruszeniem prawa może być nieważna?,Nie,Tylko decyzja podatkowa,Tak,Wyłącznie gdy strona poniosła szkodę,3,Art. 156 § 1 pkt 2 wskazuje te przesłanki nieważności.
Czy skierowanie decyzji do osoby niebędącej stroną może stanowić podstawę nieważności?,Nie,Tylko gdy osoba się odwoła,Wyłącznie w postępowaniu uproszczonym,Tak,4,Art. 156 § 1 pkt 4 przewiduje taką podstawę.
Czy trwale niewykonalna w dniu wydania decyzja może podlegać stwierdzeniu nieważności?,Tak,Nie,Tylko po 10 latach,Wyłącznie gdy dotyczy świadczenia pieniężnego,1,Art. 156 § 1 pkt 5 wskazuje trwałą niewykonalność.
"Czy po upływie 10 lat od doręczenia lub ogłoszenia decyzji co do zasady stwierdza się jej nieważność z powodu ciężkich wad, np. braku podstawy prawnej lub rażącego naruszenia prawa (art. 156 § 1)?",Tak zawsze,Nie,Tylko na wniosek strony,Wyłącznie w razie rażącego naruszenia prawa,2,Art. 156 § 2 wprowadza co do zasady dziesięcioletnią granicę.
Kto co do zasady jest właściwy do stwierdzenia nieważności decyzji?,Organ pierwszej instancji,Sąd powszechny,Organ wyższego stopnia,Prokurator,3,"Art. 157 § 1 wskazuje organ wyższego stopnia, z wyjątkami dla ministra i SKO."
W jakiej formie rozstrzyga się sprawę stwierdzenia nieważności decyzji?,W drodze postanowienia,W formie uchwały,Ustnie,W drodze decyzji,4,Art. 158 § 1 przewiduje decyzję.
"Po ilu latach nie wszczyna się postępowania o stwierdzenie nieważności decyzji, której nie można unieważnić z powodu upływu 10 lat lub nieodwracalnych skutków prawnych (art. 156 § 2)?",Po 30 latach,Po 10 latach,Po 20 latach,Po 5 latach,1,Art. 158 § 3 przewiduje trzydziestoletnią granicę wszczęcia.
"Czy organ może wstrzymać wykonanie decyzji, jeśli prawdopodobne jest wystąpienie jednej z wad powodujących nieważność decyzji (art. 156 § 1)?",Nie,Tak,Tylko sąd może,Wyłącznie na wniosek prokuratora,2,Art. 159 § 1 przewiduje wstrzymanie z urzędu lub na żądanie strony.
Kiedy organ załatwia sprawę w postępowaniu uproszczonym?,Zawsze na wniosek strony,Tylko gdy sprawa dotyczy jednej strony,Gdy przepis szczególny tak stanowi,Wyłącznie gdy wartość sprawy jest niska,3,Art. 163b § 1 wymaga podstawy w przepisie szczególnym.
Ilu stron co do zasady może dotyczyć postępowanie uproszczone?,Dowolnej liczby stron bez ograniczeń,Co najmniej dwóch,Wyłącznie organu i jednej organizacji społecznej,"Jednej strony, chyba że przepis szczególny stanowi inaczej",4,Art. 163b § 2 przewiduje co do zasady jedną stronę.
Czy w postępowaniu uproszczonym stosuje się co do zasady przepisy o milczącym załatwieniu sprawy?,"Tak, chyba że przepis szczególny stanowi inaczej",Nie,Tylko po 2 miesiącach,Wyłącznie na wniosek strony,1,Art. 163b § 3 przewiduje stosowanie przepisów o milczącym załatwieniu.
Czy po złożeniu urzędowego formularza w postępowaniu uproszczonym strona może później zgłaszać nowe żądania?,Tak bez ograniczeń,Nie,Tylko jedno nowe żądanie,Wyłącznie za zgodą organu wyższego stopnia,2,Art. 163c § 4 wyłącza późniejsze zgłaszanie nowych żądań.
Czy uzasadnienie decyzji w postępowaniu uproszczonym może być skrócone?,Nie,Tylko za zgodą strony,"Tak, może ograniczyć się do wskazania ustalonych faktów i podstawy prawnej",Wyłącznie w decyzji pozytywnej,3,Art. 163f przewiduje uproszczone uzasadnienie.
Czy prokurator może żądać wszczęcia postępowania w celu usunięcia stanu niezgodnego z prawem?,Nie,Wyłącznie Prokurator Generalny,Tylko po decyzji ostatecznej,Tak,4,Art. 182 przyznaje prokuratorowi takie prawo.
Czy prokurator może brać udział w każdym stadium postępowania?,Tak,Nie,Tylko w pierwszej instancji,Wyłącznie po wniesieniu sprzeciwu,1,Art. 183 § 1 przyznaje prokuratorowi prawo udziału w każdym stadium.
Czy prokurator może wnieść sprzeciw od decyzji ostatecznej?,Nie,"Tak, gdy istnieją ustawowe podstawy wznowienia, nieważności, uchylenia lub zmiany decyzji",Tylko od decyzji nieostatecznej,Wyłącznie za zgodą sądu,2,Art. 184 § 1 przewiduje sprzeciw prokuratora w tych przypadkach.
W jakim terminie powinien być rozpatrzony sprzeciw prokuratora?,W ciągu 7 dni,W ciągu 14 dni,W ciągu 30 dni od jego wniesienia,W ciągu 2 miesięcy,3,Art. 185 § 1 przewiduje termin 30 dni.
Jakie uprawnienia ma prokurator uczestniczący w postępowaniu na podstawie art. 182–184?,Wyłącznie prawo wglądu do akt,Prawa biegłego,Wyłącznie prawo złożenia opinii,Prawa strony,4,Art. 188 przyznaje prokuratorowi prawa strony.
Czym jest administracyjna kara pieniężna w rozumieniu KPA?,Określoną w ustawie sankcją pieniężną nakładaną decyzją przez organ administracji za naruszenie obowiązku lub zakazu,Każdą grzywną sądową,Mandatem karnym,Opłatą skarbową,1,Art. 189b definiuje administracyjną karę pieniężną.
"Którą ustawę stosuje się, gdy między naruszeniem a wydaniem decyzji zmieniły się przepisy o karze?",Zawsze starą,"Co do zasady nową, ale poprzednią, jeśli jest względniejsza dla strony",Zawsze nową bez wyjątku,Ustawę wybraną przez organ,2,Art. 189c ustanawia zasadę stosowania ustawy względniejszej dla strony.
Czy przy wymiarze administracyjnej kary pieniężnej organ uwzględnia wagę i okoliczności naruszenia?,Nie,Tylko wysokość korzyści,Tak,Wyłącznie czas naruszenia,3,Art. 189d pkt 1 wymienia wagę i okoliczności naruszenia.
Czy przy wymiarze kary bierze się pod uwagę działania strony podjęte dobrowolnie w celu uniknięcia skutków naruszenia?,Nie,Tylko po nałożeniu kary,Wyłącznie w przypadku osoby prawnej,Tak,4,Art. 189d pkt 5 przewiduje uwzględnienie takich działań.
Czy osoba fizyczna może mieć uwzględnione swoje warunki osobiste przy wymiarze kary?,Tak,Nie,Tylko wiek,Wyłącznie dochód,1,Art. 189d pkt 7 przewiduje uwzględnienie warunków osobistych osoby fizycznej.
"Czy strona podlega karze, jeżeli naruszenie prawa było skutkiem siły wyższej?",Tak zawsze,Nie,Tylko połowie kary,Wyłącznie po pouczeniu,2,Art. 189e wyłącza ukaranie w przypadku siły wyższej.
Kiedy organ obligatoryjnie odstępuje od nałożenia kary i poprzestaje na pouczeniu z powodu małej wagi naruszenia?,Zawsze przy pierwszym naruszeniu,Tylko gdy kara byłaby niższa niż 500 zł,"Gdy waga naruszenia jest znikoma, a strona zaprzestała naruszania prawa",Wyłącznie na wniosek strony,3,Art. 189f § 1 pkt 1 przewiduje tę przesłankę.
Jaki jest co do zasady termin przedawnienia nałożenia administracyjnej kary pieniężnej?,3 lata,10 lat,2 lata,5 lat od naruszenia prawa albo wystąpienia jego skutków,4,"Art. 189g § 1 przewiduje pięcioletni termin, z wyjątkami ustawowymi."
Jaki jest co do zasady termin przedawnienia egzekucji administracyjnej kary pieniężnej?,"5 lat od dnia, w którym kara powinna być wykonana",3 lata,10 lat,30 lat,1,Art. 189g § 3 przewiduje pięcioletni termin.
"Po ilu dniach od ostateczności decyzji niezapłacona kara staje się zaległą administracyjną karą pieniężną, jeśli przepis szczególny nie stanowi inaczej?",Po 7 dniach,Po 14 dniach,Po 30 dniach,Po 60 dniach,2,Art. 189i § 1 przewiduje co do zasady termin 14 dni.
Jakie odsetki nalicza się od zaległej administracyjnej kary pieniężnej?,Zawsze 5% rocznie,Nie nalicza się odsetek,"Jak dla zaległości podatkowych, chyba że przepisy odrębne stanowią inaczej",Jak od kredytu konsumenckiego,3,Art. 189i § 2 odsyła do stawki odsetek od zaległości podatkowych.
Czy organ może na wniosek strony odroczyć termin zapłaty administracyjnej kary pieniężnej?,Nie,Tylko sąd,Wyłącznie na maksymalnie 7 dni,"Tak, gdy przemawia za tym ważny interes publiczny lub ważny interes strony",4,Art. 189k § 1 przewiduje m.in. odroczenie terminu zapłaty.
Czy organ może rozłożyć administracyjną karę pieniężną na raty?,Tak,Nie,Tylko po wszczęciu egzekucji,Wyłącznie gdy kara nie przekracza 1000 zł,1,Art. 189k § 1 przewiduje możliwość rozłożenia kary na raty.
Czy organ może umorzyć administracyjną karę pieniężną w całości lub części?,Nie,"Tak, w warunkach określonych w art. 189k",Tylko sąd,Wyłącznie po upływie 5 lat,2,Art. 189k § 1 pkt 3 przewiduje możliwość umorzenia kary.
Czy wraz z umorzeniem zaległej kary umarza się odpowiednio odsetki za zwłokę?,Nie,Wyłącznie połowę odsetek,Tak,Tylko na dodatkowy wniosek,3,Art. 189k § 2 wiąże umorzenie kary z odpowiednim umorzeniem odsetek.
Na czyje żądanie organ wydaje zaświadczenie?,Wyłącznie sądu,Tylko innego organu,Wyłącznie z urzędu,Osoby ubiegającej się o zaświadczenie,4,"Art. 217 § 1 stanowi, że zaświadczenie wydaje się na żądanie osoby zainteresowanej."
Kiedy wydaje się zaświadczenie?,Gdy wymaga tego przepis prawa albo osoba ma interes prawny w urzędowym potwierdzeniu faktów lub stanu prawnego,Zawsze na każde żądanie,Tylko gdy istnieje spór,Wyłącznie gdy zażąda tego sąd,1,Art. 217 § 2 określa dwie podstawowe przesłanki wydania zaświadczenia.
W jakim terminie powinno być wydane zaświadczenie?,W ciągu 14 dni,"Bez zbędnej zwłoki, nie później niż w ciągu 7 dni",W ciągu miesiąca,W ciągu 3 dni,2,Art. 217 § 3 przewiduje maksymalnie siedem dni.
Czy przed wydaniem zaświadczenia organ może przeprowadzić postępowanie wyjaśniające?,Nie,Tylko za zgodą strony,"Tak, w koniecznym zakresie",Wyłącznie w postępowaniu odwoławczym,3,Art. 218 § 2 dopuszcza konieczne postępowanie wyjaśniające.
W jakiej formie następuje odmowa wydania zaświadczenia lub zaświadczenia o żądanej treści?,W drodze decyzji,Ustnie,W formie zarządzenia,W drodze postanowienia,4,Art. 219 przewiduje postanowienie.
Czy na odmowę wydania zaświadczenia przysługuje zażalenie?,Tak,Nie,Wyłącznie odwołanie,Tylko skarga kasacyjna,1,Art. 219 przewiduje zażalenie.
Czy organ może żądać od strony zaświadczenia o faktach znanych mu z urzędu?,Tak,Nie,Tylko w formie elektronicznej,Wyłącznie za zgodą strony,2,"Art. 220 § 1 zakazuje żądania zaświadczenia, gdy fakty są znane organowi z urzędu."
"Czy organ może żądać zaświadczenia o faktach, które może ustalić z własnych rejestrów lub dostępnych rejestrów publicznych?",Tak zawsze,Tylko gdy sprawa jest pilna,Nie,Wyłącznie na koszt strony,3,Art. 220 § 1 nakazuje korzystać z dostępnych danych zamiast żądać zaświadczeń.
"Czy skargi i wnioski można składać w interesie publicznym, własnym lub innej osoby za jej zgodą?",Nie,Wyłącznie we własnym interesie,Tylko w interesie publicznym,Tak,4,Art. 221 § 3 dopuszcza wszystkie te warianty.
"Co decyduje o tym, czy pismo jest skargą albo wnioskiem?","Treść pisma, a nie jego forma zewnętrzna",Tytuł pisma,Nazwa formularza,Sposób doręczenia,1,"Art. 222 nakazuje oceniać treść pisma, a nie jego nazwę lub formę."
Co może być przedmiotem skargi?,Wyłącznie wysokość podatku,"M.in. zaniedbanie, nienależyte wykonywanie zadań, naruszenie praworządności lub przewlekłe załatwianie spraw",Tylko decyzja ostateczna,Wyłącznie zachowanie osoby prywatnej,2,Art. 227 wskazuje przykładowy katalog przedmiotu skargi.
Kto jest właściwy do rozpatrzenia skargi dotyczącej rady gminy?,Wójt,Starosta,"Wojewoda, a w zakresie spraw finansowych regionalna izba obrachunkowa",Samorządowe kolegium odwoławcze,3,Art. 229 pkt 1 określa właściwość wobec rady gminy.
Kto co do zasady rozpatruje skargę na wójta w sprawach innych niż zadania zlecone z administracji rządowej?,Wojewoda,Starosta,Regionalna izba obrachunkowa,Rada gminy,4,Art. 229 pkt 3 wskazuje radę gminy.
"Co powinien zrobić organ, który otrzymał skargę, ale nie jest właściwy do jej rozpatrzenia?","Niezwłocznie, nie później niż w 7 dni, przekazać ją właściwemu organowi lub wskazać skarżącemu właściwy organ",Pozostawić bez rozpoznania,Rozpatrzyć ją mimo braku właściwości,Przekazać zawsze wojewodzie,1,Art. 231 § 1 przewiduje przekazanie lub wskazanie organu w terminie do 7 dni.
Jaki jest maksymalny termin załatwienia skargi?,7 dni,Miesiąc,14 dni,2 miesiące,2,"Art. 237 § 1 nakazuje załatwić skargę bez zbędnej zwłoki, nie później niż w ciągu miesiąca."
"W jakim terminie poseł, senator lub radny, który wniósł lub przekazał skargę, powinien otrzymać informację o stanie jej rozpatrzenia, gdy potrzebne jest zebranie dowodów?",7 dni,30 dni,Najpóźniej w ciągu 14 dni,2 miesiące,3,Art. 237 § 2 przewiduje termin 14 dni.
Czy o sposobie załatwienia skargi zawiadamia się skarżącego?,Nie,Tylko przy skardze zasadnej,Wyłącznie na jego wniosek,Tak,4,Art. 237 § 3 nakazuje zawiadomić skarżącego.
Co powinno zawierać zawiadomienie o odmownym załatwieniu skargi?,Uzasadnienie faktyczne i prawne oraz pouczenie o art. 239,Wyłącznie informację o odmowie,Tylko podpis,Wyłącznie podstawę prawną,1,Art. 238 § 1 określa dodatkowe elementy zawiadomienia odmownego.
"Co może zrobić organ, gdy skarga była bezzasadna, a skarżący ponawia ją bez nowych okoliczności?",Musi wszcząć nowe postępowanie,Podtrzymać poprzednie stanowisko z adnotacją w aktach bez ponownego zawiadamiania skarżącego,Nałożyć automatycznie karę,Przekazać sprawę sądowi,2,Art. 239 § 1 pozwala podtrzymać poprzednie stanowisko w takiej sytuacji.
Co może być przedmiotem wniosku w rozumieniu działu VIII KPA?,Wyłącznie uchylenie decyzji,Tylko skarga na pracownika,"M.in. ulepszenie organizacji, usprawnienie pracy, zapobieganie nadużyciom i lepsze zaspokajanie potrzeb ludności",Wyłącznie żądanie zaświadczenia,3,Art. 241 wskazuje przykładowe przedmioty wniosku.
Do jakiego organu składa się wniosek?,Zawsze do wojewody,Zawsze do rady gminy,Wyłącznie do organu wyższego stopnia,Do organu właściwego ze względu na przedmiot wniosku,4,Art. 242 § 1 określa właściwość według przedmiotu wniosku.
W jakim terminie organ niewłaściwy przekazuje wniosek organowi właściwemu?,W ciągu 7 dni,W ciągu 14 dni,W ciągu miesiąca,Nie ma terminu,1,Art. 243 przewiduje termin siedmiu dni.
Jaki termin stosuje się do załatwiania wniosków?,7 dni,"Taki jak dla skarg, czyli bez zbędnej zwłoki, nie później niż w ciągu miesiąca",14 dni,2 miesiące,2,Art. 244 § 1 odsyła do art. 237 § 1.
Czy wnioskodawca niezadowolony ze sposobu załatwienia wniosku może wnieść skargę?,Nie,Tylko po zgodzie organu,Tak,Wyłącznie do sądu administracyjnego,3,Art. 246 § 1 przyznaje takie prawo.
"Czy wnioskodawca może wnieść skargę, jeśli wniosek nie został załatwiony w terminie?",Nie,Tylko po 3 miesiącach,Wyłącznie jeśli wniosek był pisemny,Tak,4,Art. 246 § 2 przewiduje skargę na niezałatwienie wniosku w terminie.
Jak często kierownicy organów lub ich zastępcy muszą przyjmować obywateli w sprawach skarg i wniosków?,Co najmniej raz w tygodniu,Raz w miesiącu,Raz na kwartał,Codziennie,1,Art. 253 § 2 przewiduje co najmniej jedno przyjęcie tygodniowo.
Czy przynajmniej raz w tygodniu przyjęcia w sprawach skarg i wniosków powinny odbywać się po godzinach pracy?,Nie,Tak,Tylko w urzędach gmin,Wyłącznie w urzędach wojewódzkich,2,Art. 253 § 3 wymaga co najmniej jednego terminu po godzinach pracy.
"Co powinien zrobić pracownik, który otrzymał skargę dotyczącą własnej działalności?",Rozpatrzyć ją sam,Zniszczyć ją,Niezwłocznie przekazać ją swojemu przełożonemu służbowemu,Przekazać bezpośrednio sądowi,3,Art. 256 nakłada obowiązek przekazania skargi przełożonemu.
Jak często co najmniej organy nadzoru dokonują ocen przyjmowania i załatwiania skarg i wniosków?,Raz w roku,Raz na 5 lat,Raz na kwartał,Raz na 2 lata,4,Art. 259 § 1 przewiduje ocenę nie rzadziej niż raz na dwa lata.
"Czy organy administracji publicznej udzielają pomocy organom innych państw UE, gdy przewiduje to prawo Unii Europejskiej?",Tak,Nie,Tylko na podstawie umowy dwustronnej,Wyłącznie po zgodzie ministra,1,Art. 260a § 1 przewiduje europejską współpracę administracyjną.
Czy pomoc administracyjna może obejmować udostępnianie informacji i wykonywanie czynności procesowych?,Nie,Tak,Wyłącznie informacje statystyczne,Tylko tłumaczenie dokumentów,2,Art. 260a § 2 wymienia te formy pomocy.
Jaki termin wyznacza się zagranicznemu organowi na uzupełnienie braków formalnych wniosku o pomoc?,7 dni,30 dni,14 dni,2 miesiące,3,Art. 260b § 2 przewiduje termin czternastu dni.
W jaki sposób w szczególności przekazuje się informacje w ramach europejskiej współpracy administracyjnej?,Wyłącznie pocztą tradycyjną,Tylko przez placówki dyplomatyczne,Wyłącznie ustnie,Drogą elektroniczną,4,Art. 260d wskazuje w szczególności drogę elektroniczną.
Jaki termin organ wyznacza stronie na wniesienie opłat lub kosztów wymaganych z góry?,Od 7 do 14 dni,Dokładnie 3 dni,Od 14 do 30 dni,Zawsze miesiąc,1,Art. 261 § 1 przewiduje termin nie krótszy niż 7 i nie dłuższy niż 14 dni.
Jaki skutek może mieć nieuiszczenie wymaganej opłaty w wyznaczonym terminie?,Automatyczne uwzględnienie podania,Zwrot podania lub zaniechanie czynności uzależnionej od opłaty,Zawsze umorzenie decyzją,Przekazanie sprawy do sądu,2,Art. 261 § 2 określa te skutki.
Czy na postanowienie o zwrocie podania z powodu nieuiszczenia należności przysługuje zażalenie?,Nie,Wyłącznie odwołanie,Tak,Tylko skarga kasacyjna,3,Art. 261 § 3 przewiduje zażalenie.
Jakie koszty postępowania co do zasady obciążają stronę?,Wszystkie koszty organu,Żadne koszty,Wyłącznie koszty doręczeń,"Koszty wynikłe z jej winy oraz poniesione w jej interesie lub na jej żądanie, jeśli nie wynikają z ustawowego obowiązku organu",4,Art. 262 § 1 określa zakres kosztów obciążających stronę.
Czy organ może zażądać od strony zaliczki na pokrycie kosztów postępowania?,"Tak, w uzasadnionych przypadkach",Nie,Tylko sąd może,Wyłącznie w postępowaniu odwoławczym,1,Art. 262 § 2 dopuszcza żądanie zaliczki.
Czy koszty mediacji zalicza się do kosztów postępowania?,Nie,Tak,Tylko gdy mediacja zakończyła się ugodą,Wyłącznie w postępowaniu odwoławczym,2,Art. 263 § 1 zalicza koszty mediacji do kosztów postępowania.
W jakiej formie organ ustala wysokość kosztów postępowania i osoby zobowiązane do ich poniesienia?,W drodze decyzji,W formie uchwały,W drodze postanowienia,Ustnie,3,Art. 264 § 1 przewiduje postanowienie.
Czy na postanowienie w sprawie kosztów postępowania przysługuje zażalenie?,Nie,Wyłącznie odwołanie,Tylko skarga do sądu,Tak,4,Art. 264 § 2 przewiduje zażalenie.
W jakim trybie ściąga się nieuiszczone opłaty i koszty postępowania?,W trybie egzekucji administracyjnej świadczeń pieniężnych,W postępowaniu karnym,Wyłącznie przez komornika sądowego,W trybie cywilnym zawsze,1,Art. 265 odsyła do egzekucji administracyjnej.
"Czy organ może zwolnić stronę od opłat i kosztów postępowania, gdy niewątpliwie nie jest ona w stanie ich ponieść?",Nie,"Tak, w całości lub części",Tylko sąd,Wyłącznie po złożeniu zabezpieczenia,2,Art. 267 dopuszcza zwolnienie strony w razie niewątpliwej niemożności poniesienia kosztów.
